Name,Birth/death dates,File name,century
Aaron Ben-Ze'ev,born 1949,Aaron_Ben-Ze'ev.txt,20
Abd al-Latif al-Baghdadi,1162-1231,Abd_al-Latif_al-Baghdadi.txt,12
Abdolkarim Soroush,born 1945,Abdolkarim_Soroush.txt,20
Abdullah Laroui,born 1935,Abdullah_Laroui.txt,20
Abdullah al-Qasemi,1907–1996,Abdullah_al-Qasemi.txt,20
Abhinavagupta,fl. c. 975–1025,Abhinavagupta.txt,11
Abner of Burgos,c. 1270 – c. 1347,Abner_of_Burgos.txt,14
Abraham Cohen de Herrera,1562–1635,Abraham_Cohen_de_Herrera.txt,16
Abraham Joshua Heschel,1907–1972,Abraham_Joshua_Heschel.txt,20
Abraham Tucker,1705–1774,Abraham_Tucker.txt,18
Abraham bar Hiyya Ha-Nasi,1070–1136,Abraham_bar_Hiyya_Ha-Nasi.txt,12
Abraham ben Moses Maimonides,1186–1237,Abraham_ben_Moses_Maimonides.txt,13
Abraham ibn Ezra,1092/3–1167,Abraham_ibn_Ezra.txt,12
Abu Bakr Muhammad ibn Zakariyya al-Razi,865–925,Abu_Bakr_Muhammad_ibn_Zakariyya_al-Razi.txt,9
Abu Sulayman Muhammad al-Sijistani,c. 932 – c. 1000,Abu_Sulayman_Muhammad_al-Sijistani.txt,10
Abu'l Hasan Muhammad Ibn Yusuf al-'Amiri,died 992,Abu'l_Hasan_Muhammad_Ibn_Yusuf_al-'Amiri.txt,10
Adam Ferguson,1723–1816,Adam_Ferguson.txt,18
Adam Smith,1723–1790,Adam_Smith.txt,18
Adam de Wodeham,1298–1358,Adam_de_Wodeham.txt,14
Adelard of Bath,12th century,Adelard_of_Bath.txt,12
Adi Shankara,788–820,Adi_Shankara.txt,9
Adolf Grunbaum,1923–2018,Adolf_Grunbaum.txt,20
Adolf Reinach,1883–1917,Adolf_Reinach.txt,20
Adolf von Harnack,1851–1930,Adolf_von_Harnack.txt,19
Adolfo Sánchez Vázquez,1915–2011,Adolfo_Sánchez_Vázquez.txt,20
Aenesidemus,1st century BC,Aenesidemus.txt,-1
Afrikan Spir,1837–1890,Afrikan_Spir.txt,19
Agostino Nifo,1470–1538,Agostino_Nifo.txt,16
Agrippa the Sceptic,1st/2nd century,Agrippa_the_Sceptic.txt,2
Akos Pauler,1876–1933,Akos_Pauler.txt,20
Aksapada Gautama,c. 2nd century BC,Aksapada_Gautama.txt,-2
Al-Farabi,870–950,Al-Farabi.txt,10
Al-Ghazali,1058–1111,Al-Ghazali.txt,11
Al-Juwayni,1028–1085,Al-Juwayni.txt,11
Al-Kindi,801–873,Al-Kindi.txt,9
Alain Badiou,born 1937,Alain_Badiou.txt,20
Alain LeRoy Locke,1885–1954,Alain_LeRoy_Locke.txt,20
Alan Gewirth,1912–2004,Alan_Gewirth.txt,20
Alan R. White,1922–1992,Alan_R._White.txt,20
Alan Ross Anderson,1925–1973,Alan_Ross_Anderson.txt,20
Alan Turing,1912–1954,Alan_Turing.txt,20
Alan Watts,1915–1973,Alan_Watts.txt,20
Alasdair MacIntyre,born 1929,Alasdair_MacIntyre.txt,20
Alastair Hannay,born 1932,Alastair_Hannay.txt,20
Albert Camus,1913–1960,Albert_Camus.txt,20
Albert Einstein,1879–1955,Albert_Einstein.txt,20
Albert Schweitzer,1875–1965,Albert_Schweitzer.txt,20
Albert Venn Dicey,1835–1922,Albert_Venn_Dicey.txt,19
Albert of Saxony (philosopher),c. 1316–1390,Albert_of_Saxony_(philosopher).txt,14
Albertus Magnus,1193?–1280,Albertus_Magnus.txt,13
Alcinous (philosopher),2nd century,Alcinous_(philosopher).txt,2
Alcmaeon of Croton,5th century BC,Alcmaeon_of_Croton.txt,-5
Alejandro Deustua,1849–1945,Alejandro_Deustua.txt,19
Alejandro Korn,1860–1936,Alejandro_Korn.txt,19
Aleksei Losev,1893–1988,Aleksei_Losev.txt,20
Aleksei N. Leontiev,1903–1979,Aleksei_N._Leontiev.txt,20
Aleksey Khomyakov,1804–1860,Aleksey_Khomyakov.txt,19
Alexander Bain (philosopher),1818–1903,Alexander_Bain_(philosopher).txt,19
Alexander Bogdanov,1873–1928,Alexander_Bogdanov.txt,20
Alexander Bryan Johnson,1786–1867,Alexander_Bryan_Johnson.txt,19
Alexander Crummell,1819–1898,Alexander_Crummell.txt,19
Alexander Gerard,1728–1795,Alexander_Gerard.txt,18
Alexander Gottlieb Baumgarten,1714–1762,Alexander_Gottlieb_Baumgarten.txt,18
Alexander Herzen,1812–1870,Alexander_Herzen.txt,19
Alexander Neckam,1157–1217,Alexander_Neckam.txt,12
Alexander Pfänder,1870–1941,Alexander_Pfänder.txt,20
Alexander Pope,1688–1744,Alexander_Pope.txt,18
Alexander of Aphrodisias,2nd century,Alexander_of_Aphrodisias.txt,2
Alexander of Hales,died 1245,Alexander_of_Hales.txt,13
Alexandre Kojève,1902–1968,Alexandre_Kojève.txt,20
Alexandre Koyre,1892–1964,Alexandre_Koyre.txt,20
Alexis de Tocqueville,1805–1859,Alexis_de_Tocqueville.txt,19
Alexius Meinong,1853–1920,Alexius_Meinong.txt,19
Alf Niels Christian Ross,1899–1979,Alf_Niels_Christian_Ross.txt,20
Alfred Adler,1870–1937,Alfred_Adler.txt,20
Alfred Ayer,1910–1989,Alfred_Ayer.txt,20
Alfred Binet,1857–1911,Alfred_Binet.txt,19
Alfred Jules Émile Fouillée,1838–1922,Alfred_Jules_Émile_Fouillée.txt,19
Alfred Loisy,1857–1940,Alfred_Loisy.txt,19
Alfred North Whitehead,1861–1947,Alfred_North_Whitehead.txt,20
Alfred Russel Wallace,1823–1913,Alfred_Russel_Wallace.txt,19
Alfred Schütz,1899–1959,Alfred_Schütz.txt,20
Alfred Tarski,1901–1983,Alfred_Tarski.txt,20
Allama Tabatabai,1903–1981,Allama_Tabatabai.txt,20
Allan Gibbard,born 1942,Allan_Gibbard.txt,20
Alonzo Church,1903–1995,Alonzo_Church.txt,20
Alvin Goldman,born 1938,Alvin_Goldman.txt,20
Alvin Plantinga,born 1932,Alvin_Plantinga.txt,20
Alyaksandr Tsvikievich,1888–1937,Alyaksandr_Tsvikievich.txt,20
Amartya Sen,born 1933,Amartya_Sen.txt,20
Ambrose,c. 340–397,Ambrose.txt,4
Ammonius Hermiae,5th century,Ammonius_Hermiae.txt,5
Ammonius Saccas,3rd century,Ammonius_Saccas.txt,3
Amílcar Cabral,1924–1973,Amílcar_Cabral.txt,20
Anatoliy Lunacharskiy,1875–1933,Anatoliy_Lunacharskiy.txt,20
Anaxagoras,died 462 BC,Anaxagoras.txt,-5
Anaxarchus,[[floruit|fl.]] 340 BC,Anaxarchus.txt,-4
Anaximander,c. 610 BC–c. 546 BC,Anaximander.txt,-6
Anaximenes of Miletus,6th century BC,Anaximenes_of_Miletus.txt,-6
Anders Nygren,1890–1978,Anders_Nygren.txt,20
Ando Shoeki,1703–1762,Ando_Shoeki.txt,18
Andrew Feenberg,born 1943,Andrew_Feenberg.txt,20
Andrew Seth Pringle-Pattison,1856–1931,Andrew_Seth_Pringle-Pattison.txt,19
Andronicus of Rhodes,c. 70 BC,Andronicus_of_Rhodes.txt,-1
André Gorz,1923–2007,André_Gorz.txt,20
André Lalande (philosopher),1867–1964,André_Lalande_(philosopher).txt,20
André Malraux,1901–1976,André_Malraux.txt,20
André-Marie Ampère,1775–1836,André-Marie_Ampère.txt,19
Angela Davis,born 1944,Angela_Davis.txt,20
Anicius Manlius Severinus Boethius,AD 480–524/525,Anicius_Manlius_Severinus_Boethius.txt,6
Ann Ferguson,born 1938,Ann_Ferguson.txt,20
Anna J. Cooper,1858–1964,Anna_J._Cooper.txt,20
Anna Maria van Schurman,1607–1678,Anna_Maria_van_Schurman.txt,17
Anne Louise Germaine de Staël,1766–1817,Anne_Louise_Germaine_de_Staël.txt,18
Annette Baier,1929–2012,Annette_Baier.txt,20
Anniceris,fl. 300 BC,Anniceris.txt,-4
Anselm of Canterbury,1034–1109,Anselm_of_Canterbury.txt,11
Antero de Quental,1842–1891,Antero_de_Quental.txt,19
"Anthony Ashley-Cooper, 3rd Earl of Shaftesbury",1671–1713,"Anthony_Ashley-Cooper,_3rd_Earl_of_Shaftesbury.txt",17
Anthony Collins,1676–1729,Anthony_Collins.txt,18
Anthony Kenny,born 1931,Anthony_Kenny.txt,20
Anthony Quinton,1925–2010,Anthony_Quinton.txt,20
Antiochus of Ascalon,c. 130–68 BC,Antiochus_of_Ascalon.txt,-1
Antiphon (person),480–403 BC,Antiphon_(person).txt,-5
Antisthenes,c. 444–365,Antisthenes.txt,5
Antoine Arnauld,1612–1694,Antoine_Arnauld.txt,17
Antoine Augustin Cournot,1801–1877,Antoine_Augustin_Cournot.txt,19
Antoine Destutt de Tracy,1754–1836,Antoine_Destutt_de_Tracy.txt,18
Antoine Lavoisier,1743–1794,Antoine_Lavoisier.txt,18
Antoine Le Grand,1629–1699,Antoine_Le_Grand.txt,17
Anton Marty,1847–1914,Anton_Marty.txt,19
Anton Wilhelm Amo,1703–c. 1759,Anton_Wilhelm_Amo.txt,18
Antonie Pannekoek,1873–1960,Antonie_Pannekoek.txt,20
Antonin Scalia,1936–2016,Antonin_Scalia.txt,20
Antonio Aliotta,1881–1964,Antonio_Aliotta.txt,20
Antonio Banfi,1886–1957,Antonio_Banfi.txt,20
Antonio Caso,1883–1946,Antonio_Caso.txt,20
Antonio Genovesi,1712–1769,Antonio_Genovesi.txt,18
Antonio Gramsci,1891–1937,Antonio_Gramsci.txt,20
Antonio Labriola,1843–1904,Antonio_Labriola.txt,19
Antonio Negri,born 1933,Antonio_Negri.txt,20
Antonio Rosmini-Serbati,1797–1855,Antonio_Rosmini-Serbati.txt,19
Apuleius,c. 123–c. 180,Apuleius.txt,2
Arcesilaus,316–241 BC,Arcesilaus.txt,-3
Archibald Alison (Scottish author),1757–1839,Archibald_Alison_(Scottish_author).txt,18
Archytas,428–347 BC,Archytas.txt,-4
Aristippus,c. 435–366 BC,Aristippus.txt,-5
Aristo of Chios,fl. 250 BC,Aristo_of_Chios.txt,-3
Aristotle,384 BC–322 BC,Aristotle.txt,-4
Arius,256–336,Arius.txt,3
Arne Næss,1912–2009,Arne_Næss.txt,20
Arnold Gehlen,1904–1976,Arnold_Gehlen.txt,20
Arnold Geulincx,1624–1669,Arnold_Geulincx.txt,17
Arnold Ruge,1802–1880,Arnold_Ruge.txt,19
Aron Gurwitsch,1901–1973,Aron_Gurwitsch.txt,20
Arthur Balfour,1848–1930,Arthur_Balfour.txt,19
Arthur Collier,1680–1732,Arthur_Collier.txt,18
Arthur Danto,1924–2013,Arthur_Danto.txt,20
Arthur Edward Murphy,1901–1962,Arthur_Edward_Murphy.txt,20
Arthur M. Young,1905–1995,Arthur_M._Young.txt,20
Arthur Oncken Lovejoy,1873–1962,Arthur_Oncken_Lovejoy.txt,20
Arthur Prior,1914–1969,Arthur_Prior.txt,20
Arthur Schopenhauer,1788–1860,Arthur_Schopenhauer.txt,19
Arthur Stanley Eddington,1882–1944,Arthur_Stanley_Eddington.txt,20
Arthur de Gobineau,1816–1882,Arthur_de_Gobineau.txt,19
Asa Gray,1810–1888,Asa_Gray.txt,19
Asher Ginsberg,1856–1927,Asher_Ginsberg.txt,19
Assi Rahbani,1923–1986,Assi_Rahbani.txt,20
Athanasius of Alexandria,298–373,Athanasius_of_Alexandria.txt,4
August Cieszkowski,1814–1894,August_Cieszkowski.txt,19
August Wilhelm Rehberg,1757–1836,August_Wilhelm_Rehberg.txt,18
August Wilhelm Schlegel,1767–1845,August_Wilhelm_Schlegel.txt,19
Auguste Comte,1798–1857,Auguste_Comte.txt,19
Augustine of Hippo,354–430,Augustine_of_Hippo.txt,4
Augustus De Morgan,1806–1871,Augustus_De_Morgan.txt,19
Austin Marsden Farrer,1904–1968,Austin_Marsden_Farrer.txt,20
Averroes,1126–1198,Averroes.txt,12
Avicenna,980–1037,Avicenna.txt,11
Avital Ronell,born 1952,Avital_Ronell.txt,20
Ayn Rand,1905–1982,Ayn_Rand.txt,20
B. F. Skinner,1904–1990,B._F._Skinner.txt,20
B. R. Ambedkar,1891–1956,B._R._Ambedkar.txt,20
Bahya ibn Paquda,1040–1110,Bahya_ibn_Paquda.txt,11
Baltasar Gracián y Morales,1601–1658,Baltasar_Gracián_y_Morales.txt,17
Baron d'Holbach,1723–1789,Baron_d'Holbach.txt,18
Baroness Mary Warnock,1924–2019,Baroness_Mary_Warnock.txt,20
Barry Smith (academic),born 1952,Barry_Smith_(academic).txt,20
Barry Stroud,1935–2019,Barry_Stroud.txt,20
Bartholomew Keckermann,1571–1609,Bartholomew_Keckermann.txt,16
Bartolomé de Medina,1527–1580,Bartolomé_de_Medina.txt,16
Bartolus de Saxoferrato,1313–1357,Bartolus_de_Saxoferrato.txt,14
Baruch Spinoza,1632–1677,Baruch_Spinoza.txt,17
Bas C. van Fraassen,born 1941,Bas_C._van_Fraassen.txt,20
Basilides,c. 117–138,Basilides.txt,2
Benedetto Croce,1866–1952,Benedetto_Croce.txt,20
Benjamin Constant,1767–1830,Benjamin_Constant.txt,18
Benjamin Fondane,1898–1944,Benjamin_Fondane.txt,20
Benjamin Franklin,1706–1790,Benjamin_Franklin.txt,18
Benjamin Peirce,1809–1880,Benjamin_Peirce.txt,19
Benjamin Tucker,1854–1939,Benjamin_Tucker.txt,19
Benjamin Whichcote,1609–1683,Benjamin_Whichcote.txt,17
Benoît de Maillet,1656–1738,Benoît_de_Maillet.txt,17
Bernard Bolzano,1781–1848,Bernard_Bolzano.txt,19
Bernard Bosanquet (philosopher),1848–1923,Bernard_Bosanquet_(philosopher).txt,19
Bernard Delfgaauw,1912–1993,Bernard_Delfgaauw.txt,20
Bernard Lonergan,1904–1984,Bernard_Lonergan.txt,20
Bernard Silvestris,1147–1178,Bernard_Silvestris.txt,12
Bernard Williams,1929–2003,Bernard_Williams.txt,20
Bernard de Mandeville,1670–1733,Bernard_de_Mandeville.txt,18
Bernard le Bovier de Fontenelle,1657–1757,Bernard_le_Bovier_de_Fontenelle.txt,18
Bernard of Chartres,died 1130,Bernard_of_Chartres.txt,12
Bernard of Clairvaux,1090–1153,Bernard_of_Clairvaux.txt,12
Bernardino Telesio,1509–1588,Bernardino_Telesio.txt,16
Bernhard Riemann,1826–1866,Bernhard_Riemann.txt,19
Bertrand Russell,1872–1970,Bertrand_Russell.txt,20
Bessarion,1403–1472,Bessarion.txt,15
Bhartrhari,5th century,Bhartrhari.txt,5
Blaise Pascal,1623–1662,Blaise_Pascal.txt,17
Blasius of Parma,1345–1416,Blasius_of_Parma.txt,14
Boetius of Dacia,c. 1240–c. 1280,Boetius_of_Dacia.txt,13
Bonaventure,1221–1274,Bonaventure.txt,13
Borden Parker Bowne,1847–1910,Borden_Parker_Bowne.txt,19
Boris Chicherin,1828–1904,Boris_Chicherin.txt,19
Brand Blanshard,1892–1987,Brand_Blanshard.txt,20
Branislav Petronijević,1875–1954,Branislav_Petronijević.txt,20
Brian Barry,1936–2009,Brian_Barry.txt,20
Bruno Bauer,1809–1882,Bruno_Bauer.txt,19
Bruno Latour,born 1947,Bruno_Latour.txt,20
Bruno de Finetti,1906–1985,Bruno_de_Finetti.txt,20
Buddhaghosa,5th century,Buddhaghosa.txt,5
C. D. Broad,1887–1971,C._D._Broad.txt,20
C. Lloyd Morgan,1852–1936,C._Lloyd_Morgan.txt,19
C. S. Lewis,1898–1963,C._S._Lewis.txt,20
Caio Prado Júnior,1907–1990,Caio_Prado_Júnior.txt,20
Calcidius,4th century,Calcidius.txt,4
Callicles,late 5th century BC,Callicles.txt,-5
Carl Gustav Carus,1789–1869,Carl_Gustav_Carus.txt,19
Carl Gustav Hempel,1905–1997,Carl_Gustav_Hempel.txt,20
Carl Jung,1875–1961,Carl_Jung.txt,20
Carl Linnaeus,1707–1778,Carl_Linnaeus.txt,18
Carl Schmitt,1888–1985,Carl_Schmitt.txt,20
Carl Stumpf,1848–1936,Carl_Stumpf.txt,19
Carl Vogt,1817–1895,Carl_Vogt.txt,19
Carlo Cattaneo,1801–1869,Carlo_Cattaneo.txt,19
Carlo Rosselli,1899–1937,Carlo_Rosselli.txt,20
Carlos Cossio,1903–1987,Carlos_Cossio.txt,20
Carneades,c. 214–129 BC,Carneades.txt,-2
Catharine Macaulay,1731–1791,Catharine_Macaulay.txt,18
Catherine Clément,born 1939,Catherine_Clément.txt,20
Catherine Trotter Cockburn,1679–1749,Catherine_Trotter_Cockburn.txt,18
Celsus,2nd century,Celsus.txt,2
"Cesare, Marquis of Beccaria",1738–1794,"Cesare,_Marquis_of_Beccaria.txt",18
Ch'ien Mu,1895–1990,Ch'ien_Mu.txt,20
Chanakya,321–296 BC,Chanakya.txt,-4
Chang Hsueh-ch'eng,1738–1801,Chang_Hsueh-ch'eng.txt,18
Chang Tsai,1020–1077,Chang_Tsai.txt,11
Charles Babbage,1791–1871,Charles_Babbage.txt,19
Charles Batteux,1713–1780,Charles_Batteux.txt,18
Charles Bernard Renouvier,1815–1903,Charles_Bernard_Renouvier.txt,19
Charles Blount (deist),1654–1693,Charles_Blount_(deist).txt,17
Charles Bonnet,1720–1793,Charles_Bonnet.txt,18
Charles Darwin,1809–1882,Charles_Darwin.txt,19
Charles Fourier,1772–1837,Charles_Fourier.txt,19
Charles Hartshorne,1897–2000,Charles_Hartshorne.txt,20
Charles Leslie Stevenson,1908–1979,Charles_Leslie_Stevenson.txt,20
Charles Sanders Peirce,1839–1914,Charles_Sanders_Peirce.txt,19
Charles Secrétan,1815–1895,Charles_Secrétan.txt,19
Charles Taylor (philosopher),born 1931,Charles_Taylor_(philosopher).txt,20
"Charles de Secondat, Baron de Montesquieu",1689–1755,"Charles_de_Secondat,_Baron_de_Montesquieu.txt",18
Chauncey Wright,1830–1875,Chauncey_Wright.txt,19
Cheng Hao,1032–1085,Cheng_Hao.txt,11
Cheng Hsuan,127–200,Cheng_Hsuan.txt,2
Cheng Yi (philosopher),1033–1107,Cheng_Yi_(philosopher).txt,11
Chia Yi,201–169 BC,Chia_Yi.txt,-2
Chih Tun,314–366,Chih_Tun.txt,4
Chou Tun-Yi,1017–1073,Chou_Tun-Yi.txt,11
Christiaan Huygens,1629–1695,Christiaan_Huygens.txt,17
Christian August Crusius,1715–1775,Christian_August_Crusius.txt,18
Christian Friedrich Hebbel,1813–1863,Christian_Friedrich_Hebbel.txt,19
Christian Garve,1742–1798,Christian_Garve.txt,18
Christian Hermann Weisse,1801–1866,Christian_Hermann_Weisse.txt,19
Christian Thomasius,1655–1728,Christian_Thomasius.txt,17
Christian Wolff (philosopher),1679–1754,Christian_Wolff_(philosopher).txt,18
Christian von Ehrenfels,1856–1932,Christian_von_Ehrenfels.txt,19
Christine de Pizan,c. 1365 – c. 1430,Christine_de_Pizan.txt,14
Christoph Friedrich Nicolai,1733–1811,Christoph_Friedrich_Nicolai.txt,18
Christopher Jacob Boström,1797–1866,Christopher_Jacob_Boström.txt,19
Christopher Peacocke,born 1950,Christopher_Peacocke.txt,20
Chrysippus,279–207 BC,Chrysippus.txt,-3
Cicero,106 BC–43 BC,Cicero.txt,-1
Clarembald of Arras,1110–1187,Clarembald_of_Arras.txt,12
Clarence Irving Lewis,1883–1964,Clarence_Irving_Lewis.txt,20
Claude Adrien Helvétius,1715–1771,Claude_Adrien_Helvétius.txt,18
Claude Bernard,1813–1878,Claude_Bernard.txt,19
Claude Buffier,1661–1737,Claude_Buffier.txt,17
"Claude Henri de Rouvroy, Comte de Saint-Simon",1760–1825,"Claude_Henri_de_Rouvroy,_Comte_de_Saint-Simon.txt",18
Claude Lefort,1924–2010,Claude_Lefort.txt,20
Claude Lévi-Strauss,1908–2009,Claude_Lévi-Strauss.txt,20
Claudia Card,1940–2015,Claudia_Card.txt,20
Cleanthes,301–232 BC,Cleanthes.txt,-3
Clement of Alexandria,2nd–3rd century,Clement_of_Alexandria.txt,3
Cleomedes,2nd century,Cleomedes.txt,2
Colin McGinn,born 1950,Colin_McGinn.txt,20
Colin Wilson,1931–2013,Colin_Wilson.txt,20
Comenius,1592–1670,Comenius.txt,17
Confucius,551 BC–479 BC,Confucius.txt,-6
Constance Jones,1848–1922,Constance_Jones.txt,19
Conyers Middleton,1683–1750,Conyers_Middleton.txt,18
Cornel West,born 1953,Cornel_West.txt,20
Cornelius Castoriadis,1922–1997,Cornelius_Castoriadis.txt,20
Costanzo Preve,1943–2013,Costanzo_Preve.txt,20
Cotton Mather,1663–1728,Cotton_Mather.txt,17
Cratylus,c. 400 BC,Cratylus.txt,-5
Crispin Sartwell,born 1958,Crispin_Sartwell.txt,20
Crispin Wright,born 1942,Crispin_Wright.txt,20
Curt Ducasse,1881–1969,Curt_Ducasse.txt,20
Cyrano de Bergerac (writer),1619–1655,Cyrano_de_Bergerac_(writer).txt,17
D. Hugh Mellor,1938–2020,D._Hugh_Mellor.txt,20
Dagfinn Føllesdal,born 1932,Dagfinn_Føllesdal.txt,20
Damaris Cudworth Masham,1659–1708,Damaris_Cudworth_Masham.txt,17
Damascius,c. 462–540,Damascius.txt,6
Daniel Dennett,born 1942,Daniel_Dennett.txt,20
Daniel Raymond,1786–1849,Daniel_Raymond.txt,19
Dante Alighieri,1265–1321,Dante_Alighieri.txt,13
Dariush Shayegan,1935–2018,Dariush_Shayegan.txt,20
Daryush Shokof,born 1954,Daryush_Shokof.txt,20
David Baumgardt,1890–1963,David_Baumgardt.txt,20
David Bohm,1917–1992,David_Bohm.txt,20
David Fordyce,1711–1751,David_Fordyce.txt,18
David Friedrich Strauss,1808–1874,David_Friedrich_Strauss.txt,19
David Gauthier,born 1932,David_Gauthier.txt,20
David H.M. Brooks,1950-1996,David_H.M._Brooks.txt,20
David Hartley (philosopher),1705–1757,David_Hartley_(philosopher).txt,18
David Hilbert,1862–1943,David_Hilbert.txt,20
David Hume,1711–1776,David_Hume.txt,18
David Ibn Merwan Al-Mukammas,died 937,David_Ibn_Merwan_Al-Mukammas.txt,10
David Kaplan (philosopher),born 1933,David_Kaplan_(philosopher).txt,20
David Lewis (philosopher),1941–2001,David_Lewis_(philosopher).txt,20
David Malet Armstrong,1926–2014,David_Malet_Armstrong.txt,20
David Papineau,born 1947,David_Papineau.txt,20
David Pears,1921–2009,David_Pears.txt,20
David Ricardo,1772–1823,David_Ricardo.txt,18
David Stove,1927–1994,David_Stove.txt,20
David Sztybel,born 1967,David_Sztybel.txt,20
David Wiggins,born 1933,David_Wiggins.txt,20
David of Dinant,12th century,David_of_Dinant.txt,12
David the Invincible,late 6th century,David_the_Invincible.txt,6
Debendranath Tagore,1817–1905,Debendranath_Tagore.txt,19
Democritus,460–370 BC,Democritus.txt,-5
Denis Diderot,1713–1784,Denis_Diderot.txt,18
Denys the Carthusian,1402–1471,Denys_the_Carthusian.txt,15
Derek Parfit,1942–2017,Derek_Parfit.txt,20
Desiderius Erasmus,1466–1536,Desiderius_Erasmus.txt,16
Dewi Zephaniah Phillips,1934–2006,Dewi_Zephaniah_Phillips.txt,20
Dharmakirti,c. 7th century,Dharmakirti.txt,7
Dietrich Bonhoeffer,1906–1945,Dietrich_Bonhoeffer.txt,20
Dietrich of Freiberg,13th century,Dietrich_of_Freiberg.txt,13
Dignaga,c. 480–c. 540,Dignaga.txt,6
Dimitri Pisarev,1840–1868,Dimitri_Pisarev.txt,19
Dimitri Uznadze,1886–1950,Dimitri_Uznadze.txt,20
Diodorus Cronus,3rd century BC,Diodorus_Cronus.txt,-3
Diogenes Laërtius,3rd century,Diogenes_Laërtius.txt,3
Diogenes of Apollonia,c. 460 BC,Diogenes_of_Apollonia.txt,-5
Diogenes of Babylon,c. 230–c. 150/140 BC,Diogenes_of_Babylon.txt,-2
Diogenes of Oenoanda,2nd century,Diogenes_of_Oenoanda.txt,2
Diogenes of Sinope,412–323 BC,Diogenes_of_Sinope.txt,-4
Dirk Benedict,born 1945,Dirk_Benedict.txt,20
Dogen,1200–1253,Dogen.txt,13
Domenico Losurdo,1941–2018,Domenico_Losurdo.txt,20
Domingo Báñez,1528–1604,Domingo_Báñez.txt,16
Domingo de Soto,1494–1560,Domingo_de_Soto.txt,16
Donald Cary Williams,1899–1983,Donald_Cary_Williams.txt,20
Donald Davidson (philosopher),1917–2003,Donald_Davidson_(philosopher).txt,20
Dong Zhongshu,c. 176–c. 104,Dong_Zhongshu.txt,2
Dorothy Maud Wrinch,1894–1976,Dorothy_Maud_Wrinch.txt,20
Dugald Stewart,1753–1828,Dugald_Stewart.txt,18
Duns Scotus,c. 1266–1308,Duns_Scotus.txt,13
Durandus of St. Pourçain,c. 1275–1334,Durandus_of_St._Pourçain.txt,14
Désiré-Joseph Mercier,1851–1926,Désiré-Joseph_Mercier.txt,19
Edgar Morin,born 1921,Edgar_Morin.txt,20
Edgar S. Brightman,1884–1953,Edgar_S._Brightman.txt,20
Edith Stein,1891–1942,Edith_Stein.txt,20
Edmund Burke,1729–1797,Edmund_Burke.txt,18
Edmund Gettier,1927–2021,Edmund_Gettier.txt,20
Edmund Gurney,1847–1888,Edmund_Gurney.txt,19
Edmund Husserl,1859–1938,Edmund_Husserl.txt,19
Edmund Montgomery,1835–1911,Edmund_Montgomery.txt,19
Edouard Le Roy,1870–1954,Edouard_Le_Roy.txt,20
Eduard Bernstein,1850–1932,Eduard_Bernstein.txt,19
Eduard Hanslick,1825–1904,Eduard_Hanslick.txt,19
Eduard Von Hartmann,1842–1906,Eduard_Von_Hartmann.txt,19
Eduard Zeller,1814–1908,Eduard_Zeller.txt,19
Eduardo Rabossi,1930–2005,Eduardo_Rabossi.txt,20
Edvard Westermarck,1862–1939,Edvard_Westermarck.txt,20
Edward Bullough,1880–1934,Edward_Bullough.txt,20
Edward Caird,1835–1908,Edward_Caird.txt,19
Edward Carpenter,1844–1929,Edward_Carpenter.txt,19
Edward Gibbon,1737–1794,Edward_Gibbon.txt,18
"Edward Herbert, 1st Baron Herbert of Cherbury",1583–1648,"Edward_Herbert,_1st_Baron_Herbert_of_Cherbury.txt",17
Edward N. Zalta,born 1952,Edward_N._Zalta.txt,20
Edward Stachura,1937–1979,Edward_Stachura.txt,20
Edwin Holt,1873–1946,Edwin_Holt.txt,20
Ehrenfried Walther von Tschirnhaus,1651–1708,Ehrenfried_Walther_von_Tschirnhaus.txt,17
Eli Siegel,1902–1978,Eli_Siegel.txt,20
Elihu Palmer,1764–1806,Elihu_Palmer.txt,18
Elijah Delmedigo,1460–1497,Elijah_Delmedigo.txt,15
"Elisabeth of Bohemia, Princess Palatine",1618–1680,"Elisabeth_of_Bohemia,_Princess_Palatine.txt",17
Elliott Sober,born 1948,Elliott_Sober.txt,20
Emanuel Swedenborg,1688–1772,Emanuel_Swedenborg.txt,18
Emerich de Vattel,1714–1767,Emerich_de_Vattel.txt,18
Emil Brunner,1889–1966,Emil_Brunner.txt,20
Emil Cioran,1911–1995,Emil_Cioran.txt,20
Emil Fackenheim,1916–2003,Emil_Fackenheim.txt,20
Emil Leon Post,1897–1954,Emil_Leon_Post.txt,20
Emil du Bois-Reymond,1818–1896,Emil_du_Bois-Reymond.txt,19
Emile Boutroux,1845–1921,Emile_Boutroux.txt,19
Emile Meyerson,1859–1933,Emile_Meyerson.txt,19
Emmanuel Levinas,1906–1995,Emmanuel_Levinas.txt,20
Emmanuel Mounier,1905–1950,Emmanuel_Mounier.txt,20
Empedocles,490 BC–430 BC,Empedocles.txt,-5
Enrique Dussel,born 1934,Enrique_Dussel.txt,20
Enrique Molina Garmendia,1871–1962,Enrique_Molina_Garmendia.txt,20
Epicharmus,c. 540–450 BC,Epicharmus.txt,-5
Epictetus,AD 55–c. 135,Epictetus.txt,1
Epicurus,341 BC–270 BC,Epicurus.txt,-4
Erasmus Darwin,1731–1802,Erasmus_Darwin.txt,18
Eric Voegelin,1901–1985,Eric_Voegelin.txt,20
Erich Fromm,1900–1980,Erich_Fromm.txt,20
Ernest Nagel,1901–1985,Ernest_Nagel.txt,20
Ernest Sosa,born 1940,Ernest_Sosa.txt,20
Ernest Wamba dia Wamba,1942–2020,Ernest_Wamba_dia_Wamba.txt,20
Ernesto Che Guevara,1928–1967,Ernesto_Che_Guevara.txt,20
Ernesto Laclau,1935–2014,Ernesto_Laclau.txt,20
Ernst Bloch (philosopher),1885–1977,Ernst_Bloch_(philosopher).txt,20
Ernst Cassirer,1874–1945,Ernst_Cassirer.txt,20
Ernst Haeckel,1834–1919,Ernst_Haeckel.txt,19
Ernst Jünger,1895–1998,Ernst_Jünger.txt,20
Ernst Laas,1837–1885,Ernst_Laas.txt,19
Ernst Mach,1838–1916,Ernst_Mach.txt,19
Ernst Mally,1879–1944,Ernst_Mally.txt,20
Ernst Mayr,1904–2005,Ernst_Mayr.txt,20
Ernst Troeltsch,1865–1923,Ernst_Troeltsch.txt,19
Ernst Tugendhat,born 1930,Ernst_Tugendhat.txt,20
Ernst Zermelo,1871–1953,Ernst_Zermelo.txt,20
Errico Malatesta,1853–1932,Errico_Malatesta.txt,19
Erwin Rohde,1845–1898,Erwin_Rohde.txt,19
Erwin Schrödinger,1887–1961,Erwin_Schrödinger.txt,20
Eudoxus of Cnidus,410/408 BC–355 or 347 BC,Eudoxus_of_Cnidus.txt,-4
Eugen Dühring,1833–1921,Eugen_Dühring.txt,19
Eugen Fink,1905–1975,Eugen_Fink.txt,20
Eugen Rosenstock-Huessy,1888–1973,Eugen_Rosenstock-Huessy.txt,20
Eusebius of Caesarea,264–339,Eusebius_of_Caesarea.txt,4
Evald Vassilievich Ilyenkov,1924–1979,Evald_Vassilievich_Ilyenkov.txt,20
Evander Bradley McGilvary,1864–1953,Evander_Bradley_McGilvary.txt,20
F. C. S. Schiller,1864–1937,F._C._S._Schiller.txt,20
F. H. Bradley,1846–1924,F._H._Bradley.txt,19
Fakhr al-Din al-Razi,1149–1209,Fakhr_al-Din_al-Razi.txt,12
Fazang,643–712,Fazang.txt,7
Felix Krueger,1874–1948,Felix_Krueger.txt,20
Felix Ravaisson-Mollien,1813–1900,Felix_Ravaisson-Mollien.txt,19
Felix Weltsch,1884–1964,Felix_Weltsch.txt,20
Feng Youlan,1895–1990,Feng_Youlan.txt,20
Ferdinand Lassalle,1825–1864,Ferdinand_Lassalle.txt,19
Ferdinand de Saussure,1857–1913,Ferdinand_de_Saussure.txt,19
Fernando Savater,born 1947,Fernando_Savater.txt,20
Florian Znaniecki,1882–1958,Florian_Znaniecki.txt,20
Francesco Bonatelli,1830–1911,Francesco_Bonatelli.txt,19
Francesco Patrizi da Cherso,1529–1597,Francesco_Patrizi_da_Cherso.txt,16
Francesco Silvestri,1474–1528,Francesco_Silvestri.txt,16
Francesco de Sanctis (critic),1817–1883,Francesco_de_Sanctis_(critic).txt,19
Francis Bacon,1561–1626,Francis_Bacon.txt,16
Francis Hutcheson (philosopher),1694–1746,Francis_Hutcheson_(philosopher).txt,18
Francis Parker Yockey,1917–1960,Francis_Parker_Yockey.txt,20
Francis of Marchia,ca. 1290–ca. 1344,Francis_of_Marchia.txt,14
Francis of Meyronnes,1285–1328,Francis_of_Meyronnes.txt,14
Francisco Romero (philosopher),1891–1962,Francisco_Romero_(philosopher).txt,20
Francisco Sanches,1551–1623,Francisco_Sanches.txt,16
Francisco Suárez,1548–1617,Francisco_Suárez.txt,16
Francisco Varela,1946–2001,Francisco_Varela.txt,20
Francisco de Vitoria,1492–1546,Francisco_de_Vitoria.txt,16
Franciscus Mercurius van Helmont,1614–1698,Franciscus_Mercurius_van_Helmont.txt,17
Franciscus Toletus,1515–1584,Franciscus_Toletus.txt,16
Frank Cameron Jackson,born 1943,Frank_Cameron_Jackson.txt,20
Frank P. Ramsey,1903–1930,Frank_P._Ramsey.txt,20
Frans Hemsterhuis,1721–1790,Frans_Hemsterhuis.txt,18
Frantz Fanon,1925–1961,Frantz_Fanon.txt,20
Franz Brentano,1838–1917,Franz_Brentano.txt,19
Franz Jakubowski,1912–1970,Franz_Jakubowski.txt,20
Franz Kafka,1883–1924,Franz_Kafka.txt,20
Franz Rosenzweig,1886–1929,Franz_Rosenzweig.txt,20
Franz Xaver von Baader,1765–1841,Franz_Xaver_von_Baader.txt,19
François Bernier,1620–1688,François_Bernier.txt,17
François Poullain de la Barre,1647–1723,François_Poullain_de_la_Barre.txt,17
François Rabelais,1493–1553,François_Rabelais.txt,16
François de La Mothe Le Vayer,1588–1672,François_de_La_Mothe_Le_Vayer.txt,17
François de La Rochefoucauld (writer),1613–1680,François_de_La_Rochefoucauld_(writer).txt,17
François de Salignac de la Mothe-Fénelon,1651–1715,François_de_Salignac_de_la_Mothe-Fénelon.txt,17
François-René de Chateaubriand,1768–1848,François-René_de_Chateaubriand.txt,19
Fred Dretske,1932–2013,Fred_Dretske.txt,20
Frederick Douglass,1818–1895,Frederick_Douglass.txt,19
Frederick Robert Tennant,1866–1957,Frederick_Robert_Tennant.txt,20
Fredric Jameson,born 1934,Fredric_Jameson.txt,20
Friedrich Adolf Trendelenburg,1802–1872,Friedrich_Adolf_Trendelenburg.txt,19
Friedrich Albert Lange,1828–1875,Friedrich_Albert_Lange.txt,19
Friedrich Eduard Beneke,1798–1854,Friedrich_Eduard_Beneke.txt,19
Friedrich Engels,1820–1895,Friedrich_Engels.txt,19
Friedrich Fröbel,1782–1852,Friedrich_Fröbel.txt,19
Friedrich Gogarten,1887–1968,Friedrich_Gogarten.txt,20
Friedrich Hayek,1899–1992,Friedrich_Hayek.txt,20
Friedrich Heinrich Jacobi,1743–1819,Friedrich_Heinrich_Jacobi.txt,18
Friedrich Hölderlin,1770–1843,Friedrich_Hölderlin.txt,19
Friedrich Karl von Savigny,1779–1861,Friedrich_Karl_von_Savigny.txt,19
Friedrich Meinecke,1862–1954,Friedrich_Meinecke.txt,20
Friedrich Nietzsche,1844–1900,Friedrich_Nietzsche.txt,19
Friedrich Paulsen,1846–1908,Friedrich_Paulsen.txt,19
Friedrich Schelling,1775–1852,Friedrich_Schelling.txt,19
Friedrich Schiller,1759–1805,Friedrich_Schiller.txt,18
Friedrich Schleiermacher,1768–1834,Friedrich_Schleiermacher.txt,19
Friedrich Waismann,1896–1959,Friedrich_Waismann.txt,20
Friedrich von Hügel,1852–1925,Friedrich_von_Hügel.txt,19
Fritz Mauthner,1849–1923,Fritz_Mauthner.txt,19
Fujiwara Seika,1561–1619,Fujiwara_Seika.txt,16
Fyodor Dostoyevsky,1821–1881,Fyodor_Dostoyevsky.txt,19
Félix Guattari,1930–1992,Félix_Guattari.txt,20
G. E. M. Anscombe,1918–2001,G._E._M._Anscombe.txt,20
G. E. Moore,1873–1958,G._E._Moore.txt,20
Gabriel Biel,1425–1495,Gabriel_Biel.txt,15
Gabriel Marcel,1887–1973,Gabriel_Marcel.txt,20
Gabrielle Suchon,1631–1703,Gabrielle_Suchon.txt,17
Gaetano Mosca,1858–1941,Gaetano_Mosca.txt,19
Gaius (jurist),110–180,Gaius_(jurist).txt,2
Gaius Marius Victorinus,4th century,Gaius_Marius_Victorinus.txt,4
Galen,131–201,Galen.txt,2
Galen Strawson,born 1952,Galen_Strawson.txt,20
Galileo Galilei,1564–1642,Galileo_Galilei.txt,17
Gangeśa,fl. c. 1325,Gangeśa.txt,14
Gareth Evans (philosopher),1946–1980,Gareth_Evans_(philosopher).txt,20
Gaston Bachelard,1884–1962,Gaston_Bachelard.txt,20
Gaston Milhaud,1858–1918,Gaston_Milhaud.txt,19
Gaunilo of Marmoutiers,11th century,Gaunilo_of_Marmoutiers.txt,11
Gautama Buddha,ca. 563–483 BC,Gautama_Buddha.txt,-6
Gayatri Chakravorty Spivak,born 1942,Gayatri_Chakravorty_Spivak.txt,20
Ge Hong,4th century,Ge_Hong.txt,4
Gemistus Pletho,c. 1355 – c. 1452,Gemistus_Pletho.txt,15
Genevieve Lloyd,born 1941,Genevieve_Lloyd.txt,20
Geoffrey J. Warnock,1923–1996,Geoffrey_J._Warnock.txt,20
Georg Bernhard Bilfinger,1693–1750,Georg_Bernhard_Bilfinger.txt,18
Georg Cantor,1845–1918,Georg_Cantor.txt,19
Georg Christoph Lichtenberg,1742–1799,Georg_Christoph_Lichtenberg.txt,18
Georg Friedrich Meier,1718–1777,Georg_Friedrich_Meier.txt,18
Georg Henrik von Wright,1916–2003,Georg_Henrik_von_Wright.txt,20
Georg Kreisel,1923–2015,Georg_Kreisel.txt,20
Georg Lukács,1885–1971,Georg_Lukács.txt,20
Georg Simmel,1858–1918,Georg_Simmel.txt,19
Georg Wilhelm Friedrich Hegel,1770–1831,Georg_Wilhelm_Friedrich_Hegel.txt,19
George Berkeley,1685–1753,George_Berkeley.txt,18
George Boole,1815–1864,George_Boole.txt,19
George Eliot,1819–1880,George_Eliot.txt,19
George Frederick Stout,1860–1944,George_Frederick_Stout.txt,20
George Herbert Mead,1863–1931,George_Herbert_Mead.txt,19
George Howison,1834–1916,George_Howison.txt,19
George Santayana,1863–1952,George_Santayana.txt,20
George Steiner,1929–2020,George_Steiner.txt,20
George of Trebizond,1395–1484,George_of_Trebizond.txt,15
Georges Bataille,1897–1962,Georges_Bataille.txt,20
Georges Canguilhem,1904–1995,Georges_Canguilhem.txt,20
Georges Florovsky,1893–1979,Georges_Florovsky.txt,20
Georges Sorel,1847–1922,Georges_Sorel.txt,19
"Georges-Louis Leclerc, Comte de Buffon",1707–1788,"Georges-Louis_Leclerc,_Comte_de_Buffon.txt",18
Georgi Plekhanov,1856–1918,Georgi_Plekhanov.txt,19
Gerald Cohen,1941–2009,Gerald_Cohen.txt,20
Gerard of Cremona,1114–1187,Gerard_of_Cremona.txt,12
Gerard of Odo,1290–1349,Gerard_of_Odo.txt,14
Geraud de Cordemoy,1626–1684,Geraud_de_Cordemoy.txt,17
Gerhard Gentzen,1909–1945,Gerhard_Gentzen.txt,20
Germain Grisez,1929–2018,Germain_Grisez.txt,20
Gerolamo Cardano,1501–1576,Gerolamo_Cardano.txt,16
Gershom Carmichael,c. 1672–1729,Gershom_Carmichael.txt,18
Gershom Scholem,1897–1982,Gershom_Scholem.txt,20
Gersonides,1288–1344,Gersonides.txt,14
Giacinto Sigismondo Gerdil,1718–1802,Giacinto_Sigismondo_Gerdil.txt,18
Giacomo Leopardi,1798–1837,Giacomo_Leopardi.txt,19
Giambattista Vico,1668–1744,Giambattista_Vico.txt,18
Giambattista della Porta,c. 1535–1615,Giambattista_della_Porta.txt,16
Gian-Carlo Rota,1932–1999,Gian-Carlo_Rota.txt,20
Gianni Vattimo,born 1936,Gianni_Vattimo.txt,20
Gilbert Harman,born 1938,Gilbert_Harman.txt,20
Gilbert Ryle,1900–1976,Gilbert_Ryle.txt,20
Gilbert de la Porrée,1070–1154,Gilbert_de_la_Porrée.txt,12
Giles of Rome,c. 1243–1316,Giles_of_Rome.txt,13
Gilles Deleuze,1925–1995,Gilles_Deleuze.txt,20
Giordano Bruno,1548–1600,Giordano_Bruno.txt,16
Giorgio Del Vecchio,1878–1970,Giorgio_Del_Vecchio.txt,20
Giovanni Gentile,1875–1944,Giovanni_Gentile.txt,20
Giovanni Papini,1881–1956,Giovanni_Papini.txt,20
Giovanni Pico della Mirandola,1463–1494,Giovanni_Pico_della_Mirandola.txt,15
Giuseppe Peano,1858–1932,Giuseppe_Peano.txt,19
Godfrey of Fontaines,c. 1250–1309,Godfrey_of_Fontaines.txt,13
Gongsun Longzi,c. 300 BC,Gongsun_Longzi.txt,-4
Gorampa,1429–1489,Gorampa.txt,15
Gorgias,c. 483–375 BC,Gorgias.txt,-5
Gottfried Benn,1886–1956,Gottfried_Benn.txt,20
Gottfried Leibniz,1646–1716,Gottfried_Leibniz.txt,17
Gotthold Ephraim Lessing,1729–1781,Gotthold_Ephraim_Lessing.txt,18
Gottlieb Fichte,1762–1814,Gottlieb_Fichte.txt,18
Gottlob Ernst Schulze,1761–1833,Gottlob_Ernst_Schulze.txt,18
Gottlob Frege,1848–1925,Gottlob_Frege.txt,19
Gregor Mendel,1822–1884,Gregor_Mendel.txt,19
Gregory Vlastos,1907–1991,Gregory_Vlastos.txt,20
Gregory of Nazianzus,329–389,Gregory_of_Nazianzus.txt,4
Gregory of Nyssa,c. 335–398,Gregory_of_Nyssa.txt,4
Gregory of Rimini,d. 1358,Gregory_of_Rimini.txt,14
Guan Zhong,740–645 BC,Guan_Zhong.txt,-7
Guillaume du Vair,1556–1621,Guillaume_du_Vair.txt,16
Guo Xiang,c. 252–312,Guo_Xiang.txt,3
Gustav Bergmann,1906–1987,Gustav_Bergmann.txt,20
Gustav Fechner,1801–1887,Gustav_Fechner.txt,19
Gustav Gustavovich Shpet,1879–1937,Gustav_Gustavovich_Shpet.txt,20
Gustav Radbruch,1878–1949,Gustav_Radbruch.txt,20
Gustav Teichmuller,1837–1888,Gustav_Teichmuller.txt,19
Gustave Belot,1859–1929,Gustave_Belot.txt,19
Guy Debord,1931–1994,Guy_Debord.txt,20
Gwenaëlle Aubry,born 1971,Gwenaëlle_Aubry.txt,20
Gwilyn Ellis Lane Owen,1922–1982,Gwilyn_Ellis_Lane_Owen.txt,20
Gyaltsab Je,1364–1432,Gyaltsab_Je.txt,14
György Mihály Vajda,born 1935,György_Mihály_Vajda.txt,20
Gáspár Miklós Tamás,born 1948,Gáspár_Miklós_Tamás.txt,20
H. L. A. Hart,1907–1992,H._L._A._Hart.txt,20
H. Richard Niebuhr,1894–1962,H._Richard_Niebuhr.txt,20
Han Feizi,died 233 BC,Han_Feizi.txt,-3
Han Yu,768–824,Han_Yu.txt,8
Hannah Arendt,1906–1975,Hannah_Arendt.txt,20
Hans Adolf Eduard Driesch,1867–1941,Hans_Adolf_Eduard_Driesch.txt,20
Hans Albert,born 1921,Hans_Albert.txt,20
Hans Christian Ørsted,1777–1851,Hans_Christian_Ørsted.txt,19
Hans Kelsen,1881–1973,Hans_Kelsen.txt,20
Hans Reichenbach,1891–1953,Hans_Reichenbach.txt,20
Hans Vaihinger,1852–1933,Hans_Vaihinger.txt,19
Hans Wilhelm Frei,1922–1988,Hans_Wilhelm_Frei.txt,20
Hans-Georg Gadamer,1900–2002,Hans-Georg_Gadamer.txt,20
Hao Wang (academic),1921–1995,Hao_Wang_(academic).txt,20
Harald Høffding,1843–1931,Harald_Høffding.txt,19
Harold Arthur Prichard,1871–1947,Harold_Arthur_Prichard.txt,20
Harriet Martineau,1802–1876,Harriet_Martineau.txt,19
Harriet Taylor Mill,1807–1858,Harriet_Taylor_Mill.txt,19
Harry Frankfurt,born 1929,Harry_Frankfurt.txt,20
Hartry Field,born 1946,Hartry_Field.txt,20
Hasdai Crescas,c. 1340–1410,Hasdai_Crescas.txt,14
Hassan Hanafi,born 1935,Hassan_Hanafi.txt,20
Hastings Rashdall,1858–1924,Hastings_Rashdall.txt,19
Hayashi Razan,1583–1657,Hayashi_Razan.txt,17
Hector-Neri Castañeda,1924–1991,Hector-Neri_Castañeda.txt,20
Heinrich Christoph Wilhelm Sigwart,1789–1844,Heinrich_Christoph_Wilhelm_Sigwart.txt,19
Heinrich Cornelius Agrippa,1436–1535,Heinrich_Cornelius_Agrippa.txt,15
Heinrich Czolbe,1819–1873,Heinrich_Czolbe.txt,19
Heinrich Rickert,1863–1936,Heinrich_Rickert.txt,19
Heinrich Rudolf Hertz,1857–1894,Heinrich_Rudolf_Hertz.txt,19
Heinrich Scholz,1884–1956,Heinrich_Scholz.txt,20
Heinrich von Kleist,1777–1811,Heinrich_von_Kleist.txt,18
Helmut Reichelt,born 1939,Helmut_Reichelt.txt,20
Helmut Thielicke,1908–1986,Helmut_Thielicke.txt,20
Helmuth Plessner,1892–1985,Helmuth_Plessner.txt,20
Henri Bergson,1859–1941,Henri_Bergson.txt,20
Henri Lefebvre,1901–1991,Henri_Lefebvre.txt,20
Henri Poincaré,1854–1912,Henri_Poincaré.txt,19
Henri de Boulainvilliers,1658–1722,Henri_de_Boulainvilliers.txt,17
Henricus Regius,1598–1679,Henricus_Regius.txt,17
Henry Babcock Veatch,1911–1997,Henry_Babcock_Veatch.txt,20
Henry Corbin,1903–1978,Henry_Corbin.txt,20
Henry David Thoreau,1817–1862,Henry_David_Thoreau.txt,19
Henry Habberley Price,1899–1984,Henry_Habberley_Price.txt,20
"Henry Home, Lord Kames",1696–1782,"Henry_Home,_Lord_Kames.txt",18
Henry James Sr.,1811–1882,Henry_James_Sr..txt,19
Henry Longueville Mansel,1820–1871,Henry_Longueville_Mansel.txt,19
Henry More,1614–1687,Henry_More.txt,17
Henry Sidgwick,1838–1900,Henry_Sidgwick.txt,19
"Henry St John, 1st Viscount Bolingbroke",1678–1751,"Henry_St_John,_1st_Viscount_Bolingbroke.txt",18
Henry Stanton,1805–1887,Henry_Stanton.txt,19
Henry Suso,1300–1366,Henry_Suso.txt,14
Henry Thomas Buckle,1821–1862,Henry_Thomas_Buckle.txt,19
Henry of Ghent,c. 1217–1293,Henry_of_Ghent.txt,13
Henry of Harclay,1270–1317,Henry_of_Harclay.txt,13
Heraclides Ponticus,387–312 BC,Heraclides_Ponticus.txt,-4
Heraclitus,ca. 535–475 BC,Heraclitus.txt,-6
Herbert Feigl,1902–1988,Herbert_Feigl.txt,20
Herbert Marcuse,1898–1979,Herbert_Marcuse.txt,20
Herbert Spencer,1820–1903,Herbert_Spencer.txt,19
Herbert Spiegelberg,1904–1990,Herbert_Spiegelberg.txt,20
Herman Dooyeweerd,1894–1977,Herman_Dooyeweerd.txt,20
Hermann Cohen,1842–1918,Hermann_Cohen.txt,19
Hermann Friedrich Wilhelm Hinrichs,1794–1861,Hermann_Friedrich_Wilhelm_Hinrichs.txt,19
Hermann Graf Keyserling,1880–1946,Hermann_Graf_Keyserling.txt,20
Hermann Lotze,1817–1881,Hermann_Lotze.txt,19
Hermann Samuel Reimarus,1694–1768,Hermann_Samuel_Reimarus.txt,18
Hermann Ulrici,1806–1884,Hermann_Ulrici.txt,19
Hermann Weyl,1885–1955,Hermann_Weyl.txt,20
Hermann von Helmholtz,1821–1894,Hermann_von_Helmholtz.txt,19
Hervaeus Natalis,1250–1323,Hervaeus_Natalis.txt,13
Hesiod,c. 700 BC,Hesiod.txt,-8
Hibat Allah Abu'l-Barakat al-Baghdaadi,1080–1165,Hibat_Allah_Abu'l-Barakat_al-Baghdaadi.txt,12
Hierocles (Stoic),2nd century,Hierocles_(Stoic).txt,2
Hilary Greaves,born 1978,Hilary_Greaves.txt,20
Hilary Putnam,1926–2016,Hilary_Putnam.txt,20
Hildegard of Bingen,1098–1179,Hildegard_of_Bingen.txt,12
Hillel ben Samuel of Verona,1220–1295,Hillel_ben_Samuel_of_Verona.txt,13
Hippias,5th century BC,Hippias.txt,-5
Hippocrates,460–380 BC,Hippocrates.txt,-5
Hippolyte Taine,1828–1893,Hippolyte_Taine.txt,19
Ho Yen,190–249,Ho_Yen.txt,3
Homer,c. 700 BC,Homer.txt,-8
Hossein Nasr,born 1933,Hossein_Nasr.txt,20
Houston Stewart Chamberlain,1855–1927,Houston_Stewart_Chamberlain.txt,19
Hryhori Skovoroda,1722–1794,Hryhori_Skovoroda.txt,18
Hsi K'ang,223–262,Hsi_K'ang.txt,3
Hsiung Shih-li,1885–1968,Hsiung_Shih-li.txt,20
Hsu Fu-kuan,1903–1982,Hsu_Fu-kuan.txt,20
Hu Shih,1891–1962,Hu_Shih.txt,20
Huang Zongxi,1610–1695,Huang_Zongxi.txt,17
Hubert Damisch,1928–2017,Hubert_Damisch.txt,20
Hubert Schleichert,born 1935,Hubert_Schleichert.txt,20
Hugh Blair,1718–1800,Hugh_Blair.txt,18
Hugh of St Victor,c. 1078–1141,Hugh_of_St_Victor.txt,12
Hughes Felicité Robert de Lamennais,1752–1854,Hughes_Felicité_Robert_de_Lamennais.txt,19
Hugo Dingler,1881–1954,Hugo_Dingler.txt,20
Hugo Grotius,1583–1645,Hugo_Grotius.txt,17
Hui Shi,4th century BC,Hui_Shi.txt,-4
Huston Smith,1919–2016,Huston_Smith.txt,20
Hypatia of Alexandria,370–415,Hypatia_of_Alexandria.txt,4
Hélène Cixous,born 1937,Hélène_Cixous.txt,20
I. A. Richards,1893–1979,I._A._Richards.txt,20
Iamblichus (philosopher),ca. 245&nbsp;AD-ca. 325,Iamblichus_(philosopher).txt,3
Ian Hacking,born 1936,Ian_Hacking.txt,20
Ian Thomas Ramsey,1915–1972,Ian_Thomas_Ramsey.txt,20
Ibn Arabi,1164–1240,Ibn_Arabi.txt,13
Ibn Bajjah,died 1138,Ibn_Bajjah.txt,12
Ibn Daud,1110–1180,Ibn_Daud.txt,12
Ibn Falaquera,1223–1290,Ibn_Falaquera.txt,13
Ibn Hazm,994–1069,Ibn_Hazm.txt,11
Ibn Kammuna,1215–1284,Ibn_Kammuna.txt,13
Ibn Khaldun,1332–1406,Ibn_Khaldun.txt,14
Ibn Masarra,883–931,Ibn_Masarra.txt,10
Ibn Miskawayh,940–1030,Ibn_Miskawayh.txt,10
Ibn Sabin,1217–1268,Ibn_Sabin.txt,13
Ibn Taymiya,1263–1328,Ibn_Taymiya.txt,13
Ibn Tufail,1110–1185,Ibn_Tufail.txt,12
Ibn ar-Rawandi,827–911,Ibn_ar-Rawandi.txt,9
Immanuel Kant,1724–1804,Immanuel_Kant.txt,18
Immanuel the Roman,c. 1270 – c. 1330,Immanuel_the_Roman.txt,14
Imre Lakatos,1922–1974,Imre_Lakatos.txt,20
Iris Marion Young,1949–2006,Iris_Marion_Young.txt,20
Iris Murdoch,1919–1999,Iris_Murdoch.txt,20
Isaac Abrabanel,1437–1508,Isaac_Abrabanel.txt,15
Isaac Albalag,13th century,Isaac_Albalag.txt,13
Isaac Israeli ben Solomon,c. 850–950,Isaac_Israeli_ben_Solomon.txt,10
Isaac La Peyrère,1596–1676,Isaac_La_Peyrère.txt,17
Isaac Newton,1642–1727,Isaac_Newton.txt,17
Isaac Orobio de Castro,1617–1687,Isaac_Orobio_de_Castro.txt,17
Isaac ben Joseph ibn Pulgar,14th century,Isaac_ben_Joseph_ibn_Pulgar.txt,14
Isaac ben Moses Arama,1420–1494,Isaac_ben_Moses_Arama.txt,15
Isaac of Stella,1105–1177,Isaac_of_Stella.txt,12
Isaiah Berlin,1909–1997,Isaiah_Berlin.txt,20
Isocrates,436–338 BC,Isocrates.txt,-4
István Mészáros (philosopher),1930–2017,István_Mészáros_(philosopher).txt,20
Ito Jinsai,1627–1705,Ito_Jinsai.txt,17
Ivan Aleksandrovich Il'in,1883–1954,Ivan_Aleksandrovich_Il'in.txt,20
Ivan Kireevsky,1806–1856,Ivan_Kireevsky.txt,19
Ivan Pavlov,1849–1936,Ivan_Pavlov.txt,19
Ivan Sviták,1925–1994,Ivan_Sviták.txt,20
J. J. C. Smart,1920–2012,J._J._C._Smart.txt,20
J. J. Valberg,born 1936,J._J._Valberg.txt,20
J. L. Austin,1911–1960,J._L._Austin.txt,20
J. L. Mackie,1917–1981,J._L._Mackie.txt,20
J. N. Findlay,1903–1987,J._N._Findlay.txt,20
J.B. Schneewind,born 1930,J.B._Schneewind.txt,20
Jaakko Hintikka,1929–2015,Jaakko_Hintikka.txt,20
Jacob Burckhardt,1818–1897,Jacob_Burckhardt.txt,19
Jacob Moleschott,1822–1893,Jacob_Moleschott.txt,19
Jacobus Arminius,1560–1609,Jacobus_Arminius.txt,16
Jacopo Zabarella,1533–1589,Jacopo_Zabarella.txt,16
Jacques Derrida,1930–2004,Jacques_Derrida.txt,20
Jacques Lacan,1901–1981,Jacques_Lacan.txt,20
Jacques Lefèvre d'Étaples,c. 1455–c. 1536,Jacques_Lefèvre_d'Étaples.txt,15
Jacques Maritain,1882–1973,Jacques_Maritain.txt,20
Jacques Rancière,born 1940,Jacques_Rancière.txt,20
Jacques Rohault,1617–1672,Jacques_Rohault.txt,17
Jacques-André Naigeon,1738–1810,Jacques-André_Naigeon.txt,18
Jacques-Bénigne Bossuet,1627–1704,Jacques-Bénigne_Bossuet.txt,17
Jaegwon Kim,1934–2019,Jaegwon_Kim.txt,20
Jakob Böhme,1575–1624,Jakob_Böhme.txt,16
Jakob Friedrich Fries,1773–1843,Jakob_Friedrich_Fries.txt,19
Jakob Sigismund Beck,1761–1840,Jakob_Sigismund_Beck.txt,19
Jalal al-Din al-Dawani,1426–1502,Jalal_al-Din_al-Dawani.txt,15
Jamal al-Din al-Afghani,1839–1897,Jamal_al-Din_al-Afghani.txt,19
James Beattie (writer),1735–1803,James_Beattie_(writer).txt,18
"James Bryce, 1st Viscount Bryce",1838–1922,"James_Bryce,_1st_Viscount_Bryce.txt",19
"James Burnett, Lord Monboddo",1714–1799,"James_Burnett,_Lord_Monboddo.txt",18
James Clerk Maxwell,1831–1879,James_Clerk_Maxwell.txt,19
"James Dalrymple, 1st Viscount Stair",1619–1695,"James_Dalrymple,_1st_Viscount_Stair.txt",17
James Dunbar (writer),1742–1798,James_Dunbar_(writer).txt,18
James Edwin Creighton,1861–1924,James_Edwin_Creighton.txt,19
James Frederick Ferrier,1808–1864,James_Frederick_Ferrier.txt,19
James Griffin (philosopher),1933–2019,James_Griffin_(philosopher).txt,20
James Harrington (author),1611–1677,James_Harrington_(author).txt,17
James Hopwood Jeans,1877–1946,James_Hopwood_Jeans.txt,20
James Hutchison Stirling,1820–1909,James_Hutchison_Stirling.txt,19
James Hutton,1726–1797,James_Hutton.txt,18
James Martineau,1805–1900,James_Martineau.txt,19
James McCosh,1811–1894,James_McCosh.txt,19
James Mill,1773–1836,James_Mill.txt,19
James Ward (psychologist),1843–1925,James_Ward_(psychologist).txt,19
James of Viterbo,1255–1308,James_of_Viterbo.txt,13
Jan Hus,1369–1415,Jan_Hus.txt,14
Jan Lukasiewicz,1878–1956,Jan_Lukasiewicz.txt,20
Jan Patočka,1907–1977,Jan_Patočka.txt,20
Jan Sniadecki,1756–1830,Jan_Sniadecki.txt,18
Jane Addams,1860–1935,Jane_Addams.txt,19
Janet Radcliffe Richards,born 1944,Janet_Radcliffe_Richards.txt,20
Javad Tabatabai,born 1945,Javad_Tabatabai.txt,20
Jayarāśi Bhaṭṭa,fl. c. 800,Jayarāśi_Bhaṭṭa.txt,9
Je Tsongkhapa,1357–1419,Je_Tsongkhapa.txt,14
Jean Anthelme Brillat-Savarin,1755–1826,Jean_Anthelme_Brillat-Savarin.txt,18
Jean Baudrillard,1929–2007,Jean_Baudrillard.txt,20
Jean Bodin,1530–1596,Jean_Bodin.txt,16
Jean Buridan,1300–1358,Jean_Buridan.txt,14
Jean Cavaillès,1903–1944,Jean_Cavaillès.txt,20
Jean Gerson,1363–1429,Jean_Gerson.txt,14
Jean Hyppolite,1907–1968,Jean_Hyppolite.txt,20
Jean Jacques Rousseau,1712–1778,Jean_Jacques_Rousseau.txt,18
Jean Leclerc (theologian),1657–1737,Jean_Leclerc_(theologian).txt,17
Jean Meslier,1664–1729,Jean_Meslier.txt,17
Jean Piaget,1896–1980,Jean_Piaget.txt,20
Jean Reynaud,1806–1863,Jean_Reynaud.txt,19
Jean Wahl,1888–1974,Jean_Wahl.txt,20
Jean de La Bruyère,1645–1696,Jean_de_La_Bruyère.txt,17
Jean le Rond d'Alembert,1717–1783,Jean_le_Rond_d'Alembert.txt,18
Jean-Baptiste Dubos,1670–1742,Jean-Baptiste_Dubos.txt,18
Jean-Baptiste Lamarck,1744–1829,Jean-Baptiste_Lamarck.txt,18
Jean-François Lyotard,1924–1998,Jean-François_Lyotard.txt,20
Jean-Luc Nancy,born 1940,Jean-Luc_Nancy.txt,20
Jean-Paul Sartre,1905–1980,Jean-Paul_Sartre.txt,20
Jennifer Hornsby,born 1951,Jennifer_Hornsby.txt,20
Jeremy Bentham,1748–1832,Jeremy_Bentham.txt,18
Jerome Frank (lawyer),1889–1957,Jerome_Frank_(lawyer).txt,20
Jerry Fodor,1935–2017,Jerry_Fodor.txt,20
Jerzy Wróblewski,1926–1990,Jerzy_Wróblewski.txt,20
Jiddu Krishnamurti,1895–1986,Jiddu_Krishnamurti.txt,20
Jinul,1158–1210,Jinul.txt,12
Joachim Jungius,1587–1657,Joachim_Jungius.txt,17
Joachim of Fiore,1135–1201,Joachim_of_Fiore.txt,12
Joane Petrizi,12th century,Joane_Petrizi.txt,12
Joel Feinberg,1926–2004,Joel_Feinberg.txt,20
Johann Augustus Eberhard,1739–1809,Johann_Augustus_Eberhard.txt,18
Johann Bernhard Basedow,1724–1790,Johann_Bernhard_Basedow.txt,18
Johann Christoph Gottsched,1700–1766,Johann_Christoph_Gottsched.txt,18
Johann Franz Buddeus,1667–1729,Johann_Franz_Buddeus.txt,17
Johann Friedrich Herbart,1776–1841,Johann_Friedrich_Herbart.txt,19
Johann Georg Hamann,1730–1788,Johann_Georg_Hamann.txt,18
Johann Gottfried Herder,1744–1803,Johann_Gottfried_Herder.txt,18
Johann Heinrich Lambert,1728–1777,Johann_Heinrich_Lambert.txt,18
Johann Heinrich Pestalozzi,1746–1827,Johann_Heinrich_Pestalozzi.txt,18
Johann Jakob Bachofen,1815–1887,Johann_Jakob_Bachofen.txt,19
Johann Karl Friedrich Rosenkranz,1805–1879,Johann_Karl_Friedrich_Rosenkranz.txt,19
Johann Kaspar Lavater,1741–1801,Johann_Kaspar_Lavater.txt,18
Johann Sturm,1635–1703,Johann_Sturm.txt,17
Johann Wolfgang Goethe,1749–1832,Johann_Wolfgang_Goethe.txt,18
Johannes Althusius,1557–1638,Johannes_Althusius.txt,16
Johannes Capreolus,1380–1444,Johannes_Capreolus.txt,15
Johannes Clauberg,1622–1665,Johannes_Clauberg.txt,17
Johannes Kepler,1571–1630,Johannes_Kepler.txt,17
Johannes Nikolaus Tetens,1736–1807,Johannes_Nikolaus_Tetens.txt,18
Johannes Scotus Eriugena,c. 800–c. 880,Johannes_Scotus_Eriugena.txt,9
Johannes Tauler,c. 1300 – 1361,Johannes_Tauler.txt,14
John Anderson (philosopher),1893–1962,John_Anderson_(philosopher).txt,20
John Arthur Passmore,1914–2004,John_Arthur_Passmore.txt,20
John Austin (legal philosophy),1790–1859,John_Austin_(legal_philosophy).txt,19
John B. Watson,1878–1958,John_B._Watson.txt,20
John Balguy,1686–1748,John_Balguy.txt,18
John Calvin,1509–1564,John_Calvin.txt,16
John Colet,1466–1519,John_Colet.txt,15
John Cook Wilson,1849–1915,John_Cook_Wilson.txt,19
John Dewey,1859–1952,John_Dewey.txt,20
John Earman,born 1942,John_Earman.txt,20
John Ellis McTaggart,1866–1925,John_Ellis_McTaggart.txt,19
John Finnis,born 1940,John_Finnis.txt,20
John Fiske (philosopher),1842–1901,John_Fiske_(philosopher).txt,19
John Gay,1685–1732,John_Gay.txt,18
John Gray (philosopher),born 1948,John_Gray_(philosopher).txt,20
John Grote,1813–1866,John_Grote.txt,19
John Henry Newman,1801–1890,John_Henry_Newman.txt,19
John Herschel,1792–1871,John_Herschel.txt,19
John Hick,1922–2012,John_Hick.txt,20
John Holloway (sociologist),born 1947,John_Holloway_(sociologist).txt,20
John Locke,1632–1704,John_Locke.txt,17
John Lucas (philosopher),born 1929,John_Lucas_(philosopher).txt,20
John Major (philosopher),1467–1550,John_Major_(philosopher).txt,16
John Maynard Keynes,1883–1946,John_Maynard_Keynes.txt,20
John McDowell,born 1942,John_McDowell.txt,20
John Millar (philosopher),1735–1801,John_Millar_(philosopher).txt,18
John Milton,1608–1674,John_Milton.txt,17
John Norris (philosopher),1657–1711,John_Norris_(philosopher).txt,17
John Peckham,died 1292,John_Peckham.txt,13
John Philoponus,early 6th century,John_Philoponus.txt,6
John Ralston Saul,born 1947,John_Ralston_Saul.txt,20
John Rawls,1921–2002,John_Rawls.txt,20
John Ray,1627–1705,John_Ray.txt,17
John Searle,born 1932,John_Searle.txt,20
John Selden,1584–1654,John_Selden.txt,17
John Sergeant (priest),1623–1704,John_Sergeant_(priest).txt,17
John Stuart Mill,1806–1873,John_Stuart_Mill.txt,19
John Toland,1670–1722,John_Toland.txt,17
John Venn,1834–1923,John_Venn.txt,19
John Wisdom,1904–1993,John_Wisdom.txt,20
John Witherspoon,1723–1794,John_Witherspoon.txt,18
John Wood Oman,1860–1939,John_Wood_Oman.txt,19
John Wyclif,c. 1330 – 1384,John_Wyclif.txt,14
John of Damascus,c. 676–749,John_of_Damascus.txt,8
John of Jandun,1280–1328,John_of_Jandun.txt,14
John of La Rochelle,1190–1245,John_of_La_Rochelle.txt,13
John of Mirecourt,c. 1345,John_of_Mirecourt.txt,14
John of Paris,1260–1306,John_of_Paris.txt,13
John of Ruysbroeck,1293–1381,John_of_Ruysbroeck.txt,14
John of Salisbury,c. 1115–1180,John_of_Salisbury.txt,12
John of St. Thomas,1589–1644,John_of_St._Thomas.txt,17
John of the Cross,1542–1591,John_of_the_Cross.txt,16
John von Neumann,1903–1957,John_von_Neumann.txt,20
Jon Elster,born 1940,Jon_Elster.txt,20
Jonathan Barnes,born 1942,Jonathan_Barnes.txt,20
Jonathan Bennett (philosopher),born 1930,Jonathan_Bennett_(philosopher).txt,20
Jonathan Edwards (theologian),1703–1758,Jonathan_Edwards_(theologian).txt,18
Jonathan Glover,born 1941,Jonathan_Glover.txt,20
Jordan B. Peterson,born 1962,Jordan_B._Peterson.txt,20
Jose Ferrater-Mora,1912–1991,Jose_Ferrater-Mora.txt,20
Josef Popper-Lynkeus,1838–1921,Josef_Popper-Lynkeus.txt,19
Joseph Addison,1672–1719,Joseph_Addison.txt,17
Joseph Albo,1380–1444,Joseph_Albo.txt,15
Joseph Butler,1692–1752,Joseph_Butler.txt,18
Joseph D. Sneed,1938–2020,Joseph_D._Sneed.txt,20
Joseph Dietzgen,1828–1888,Joseph_Dietzgen.txt,19
Joseph Déjacque,1821–1865,Joseph_Déjacque.txt,19
Joseph Glanvill,1636–1680,Joseph_Glanvill.txt,17
Joseph Maréchal,1878–1944,Joseph_Maréchal.txt,20
Joseph Priestley,1733–1804,Joseph_Priestley.txt,18
Joseph Raz,born 1939,Joseph_Raz.txt,20
Joseph Rovan,1918–2004,Joseph_Rovan.txt,20
Joseph Schumpeter,1883–1950,Joseph_Schumpeter.txt,20
Joseph Smith,1805–1844,Joseph_Smith.txt,19
Joseph Soloveitchik,1903–1993,Joseph_Soloveitchik.txt,20
Joseph Vissarionovich Stalin,1878–1953,Joseph_Vissarionovich_Stalin.txt,20
Joseph de Maistre,1753–1821,Joseph_de_Maistre.txt,18
Joseph ibn Tzaddik,c. 1149,Joseph_ibn_Tzaddik.txt,12
Josiah Gibbs,1839–1903,Josiah_Gibbs.txt,19
Josiah Royce,1865–1916,Josiah_Royce.txt,19
José Carlos Mariátegui,1894–1930,José_Carlos_Mariátegui.txt,20
José Ingenieros,1877–1925,José_Ingenieros.txt,20
José Martí,1853–1895,José_Martí.txt,19
José Ortega y Gasset,1883–1955,José_Ortega_y_Gasset.txt,20
José Pablo Feinmann,born 1943,José_Pablo_Feinmann.txt,20
Juan José Sebreli,born 1930,Juan_José_Sebreli.txt,20
Juan Luís Vives,1492–1540,Juan_Luís_Vives.txt,16
Juan de Mariana,1536–1624,Juan_de_Mariana.txt,16
Judah Leon Abravanel,1460?–1535?,Judah_Leon_Abravanel.txt,15
Judah Messer Leon,c. 1425 – c. 1495,Judah_Messer_Leon.txt,15
Judah ben Moses of Rome,1292–1330,Judah_ben_Moses_of_Rome.txt,14
Judith Butler,born 1956,Judith_Butler.txt,20
Judith Jarvis Thomson,1929–2020,Judith_Jarvis_Thomson.txt,20
Jules Lequier,1814–1862,Jules_Lequier.txt,19
Julia Kristeva,born 1941,Julia_Kristeva.txt,20
Julien Offray de La Mettrie,1709–1751,Julien_Offray_de_La_Mettrie.txt,18
Julius Caesar Scaliger,1484–1558,Julius_Caesar_Scaliger.txt,16
Julián Marías,1914–2005,Julián_Marías.txt,20
Juri Lotman,1922–1993,Juri_Lotman.txt,20
Justinian I,483–565,Justinian_I.txt,6
Justus Buchler,1914–1991,Justus_Buchler.txt,20
Justus Lipsius,1547–1606,Justus_Lipsius.txt,16
Jürgen Habermas,born 1929,Jürgen_Habermas.txt,20
Kaibara Ekiken,1630–1740,Kaibara_Ekiken.txt,17
Kang Youwei,1858–1927,Kang_Youwei.txt,19
Kao Tzu,c. 420 – 350 BC,Kao_Tzu.txt,-4
Karel Kosík,1926–2003,Karel_Kosík.txt,20
Karen Swassjan,born 1948,Karen_Swassjan.txt,20
Karl Barth,1886–1968,Karl_Barth.txt,20
Karl Christian Friedrich Krause,1781–1832,Karl_Christian_Friedrich_Krause.txt,19
Karl Friedrich Bahrdt,1741–1792,Karl_Friedrich_Bahrdt.txt,18
Karl Grün,1817–1887,Karl_Grün.txt,19
Karl Jaspers,1883–1969,Karl_Jaspers.txt,20
Karl Kautsky,1854–1938,Karl_Kautsky.txt,19
Karl Korsch,1886–1961,Karl_Korsch.txt,20
Karl Kraus (writer),1874–1936,Karl_Kraus_(writer).txt,20
Karl Leonhard Reinhold,1757–1823,Karl_Leonhard_Reinhold.txt,18
Karl Mannheim,1893–1947,Karl_Mannheim.txt,20
Karl Marx,1818–1883,Karl_Marx.txt,19
Karl Nickerson Llywelyn,1893–1962,Karl_Nickerson_Llywelyn.txt,20
Karl Olivecrona,1897–1980,Karl_Olivecrona.txt,20
Karl Pearson,1857–1936,Karl_Pearson.txt,19
Karl Philipp Moritz,1756–1793,Karl_Philipp_Moritz.txt,18
Karl Polanyi,1886–1964,Karl_Polanyi.txt,20
Karl Popper,1902–1994,Karl_Popper.txt,20
Karl Rahner,1904–1984,Karl_Rahner.txt,20
Karl Renner,1870–1950,Karl_Renner.txt,20
Karl Wilhelm Ferdinand Solger,1780–1890,Karl_Wilhelm_Ferdinand_Solger.txt,19
Karl Wilhelm Friedrich Schlegel,1772–1829,Karl_Wilhelm_Friedrich_Schlegel.txt,19
Karl-Otto Apel,1922–2017,Karl-Otto_Apel.txt,20
Kazimierz Ajdukiewicz,1890–1963,Kazimierz_Ajdukiewicz.txt,20
Kazimierz Twardowski,1866–1938,Kazimierz_Twardowski.txt,20
Keith Lehrer,born 1936,Keith_Lehrer.txt,20
Kenelm Digby,1603–1665,Kenelm_Digby.txt,17
Kenneth Allen Taylor,1954–2019,Kenneth_Allen_Taylor.txt,20
Kenneth Arrow,1921–2017,Kenneth_Arrow.txt,20
Khedrup Gelek Pelzang,1385–1438,Khedrup_Gelek_Pelzang.txt,15
Konstantin Kavelin,1818–1885,Konstantin_Kavelin.txt,19
Konstantin Nikolaevich Leont'ev,1831–1891,Konstantin_Nikolaevich_Leont'ev.txt,19
Kuki Shūzō,1888–1941,Kuki_Shūzō.txt,20
Kumazawa Banzan,1619–1691,Kumazawa_Banzan.txt,17
Kumārila Bhaṭṭa,fl. roughly 700,Kumārila_Bhaṭṭa.txt,8
Kuno Fischer,1824–1907,Kuno_Fischer.txt,19
Kuo Hsiang,died c. 312,Kuo_Hsiang.txt,4
Kurt Baier,1917–2010,Kurt_Baier.txt,20
Kurt Gödel,1906–1978,Kurt_Gödel.txt,20
Kurt Koffka,1886–1941,Kurt_Koffka.txt,20
Kurt Lewin,1890–1947,Kurt_Lewin.txt,20
Kurt Singer,1886–1962,Kurt_Singer.txt,20
Kwame Nkrumah,1909–1972,Kwame_Nkrumah.txt,20
Kwasi Wiredu,born 1931,Kwasi_Wiredu.txt,20
Kūkai,774–835,Kūkai.txt,9
L. Jonathan Cohen,1923–2006,L._Jonathan_Cohen.txt,20
L. Susan Stebbing,1885–1943,L._Susan_Stebbing.txt,20
Lady Anne Finch Conway,1631–1679,Lady_Anne_Finch_Conway.txt,17
Lady Mary Shepherd,1777–1847,Lady_Mary_Shepherd.txt,19
Lao Zi,4th century&nbsp;BC,Lao_Zi.txt,-4
Laurens Perseus Hickok,1798–1888,Laurens_Perseus_Hickok.txt,19
Leo Löwenthal,1900–1993,Leo_Löwenthal.txt,20
Leo Mikhailovich Lopatin,1855–1920,Leo_Mikhailovich_Lopatin.txt,19
Leo Strauss,1899–1973,Leo_Strauss.txt,20
Leo Tolstoy,1828–1910,Leo_Tolstoy.txt,19
Leon Brunschvicg,1869–1944,Leon_Brunschvicg.txt,20
Leon Chwistek,1884–1944,Leon_Chwistek.txt,20
Leon Petrazycki,1867–1931,Leon_Petrazycki.txt,19
Leon Trotsky,1879–1940,Leon_Trotsky.txt,20
Leonard Nelson,1882–1927,Leonard_Nelson.txt,20
Leonard Trelawny Hobhouse,1864–1929,Leonard_Trelawny_Hobhouse.txt,19
Leonardo Boff,born 1938,Leonardo_Boff.txt,20
Leonardo da Vinci,1452–1519,Leonardo_da_Vinci.txt,15
Leopold Kronecker,1823–1891,Leopold_Kronecker.txt,19
Leslie Stephen,1832–1904,Leslie_Stephen.txt,19
Leszek Kołakowski,1927–2009,Leszek_Kołakowski.txt,20
Leucippus,5th century&nbsp;BC,Leucippus.txt,-5
Lev Shestov,1866–1938,Lev_Shestov.txt,20
Lev Vygotsky,1896–1934,Lev_Vygotsky.txt,20
Lewis Carroll,1832–1898,Lewis_Carroll.txt,19
Lewis H. Morgan,1818–1881,Lewis_H._Morgan.txt,19
Liang Qichao,1873–1929,Liang_Qichao.txt,20
Lie Yukou,c. 440 – c. 360& BC,Lie_Yukou.txt,-5
Linji Yixuan,c. 810 – 867,Linji_Yixuan.txt,9
Linus Pauling,1901–1994,Linus_Pauling.txt,20
Liu An,179–122 BC,Liu_An.txt,-2
Liu Shaoqi,1898–1969,Liu_Shaoqi.txt,20
Lon L. Fuller,1902–1978,Lon_L._Fuller.txt,20
Longinus (literature),1st century,Longinus_(literature).txt,1
Lorenz Oken,1779–1851,Lorenz_Oken.txt,19
Lorenzo Valla,1406–1457,Lorenzo_Valla.txt,15
Lorraine Code,born 1937,Lorraine_Code.txt,20
Louis Althusser,1918–1990,Louis_Althusser.txt,20
Louis Couturat,1868–1914,Louis_Couturat.txt,19
Louis Gabriel Ambroise de Bonald,1754–1840,Louis_Gabriel_Ambroise_de_Bonald.txt,18
Louis Lavelle,1883–1951,Louis_Lavelle.txt,20
Louis de La Forge,1632–1666,Louis_de_La_Forge.txt,17
Lu Jiuyuan,1139–1193,Lu_Jiuyuan.txt,12
"Luc de Clapiers, marquis de Vauvenargues",1715–1747,"Luc_de_Clapiers,_marquis_de_Vauvenargues.txt",18
Luce Irigaray,born 1930,Luce_Irigaray.txt,20
Lucian,c. 120 – c. 180,Lucian.txt,2
Lucien Goldmann,1913–1970,Lucien_Goldmann.txt,20
Lucien Lévy-Bruhl,1857–1939,Lucien_Lévy-Bruhl.txt,19
Lucilio Vanini,1585–1619,Lucilio_Vanini.txt,17
Lucio Colletti,1924–2001,Lucio_Colletti.txt,20
Lucretius,c. 99 – 55 BC,Lucretius.txt,-1
Lucrezia Marinella,1571–1653,Lucrezia_Marinella.txt,17
Ludovico Silva,1937–1988,Ludovico_Silva.txt,20
Ludwig Andreas Feuerbach,1804–1872,Ludwig_Andreas_Feuerbach.txt,19
Ludwig Binswanger,1881–1966,Ludwig_Binswanger.txt,20
Ludwig Boltzmann,1844–1906,Ludwig_Boltzmann.txt,19
Ludwig Büchner,1824–1899,Ludwig_Büchner.txt,19
Ludwig Klages,1872–1956,Ludwig_Klages.txt,20
Ludwig Landgrebe,1902–1992,Ludwig_Landgrebe.txt,20
Ludwig Wittgenstein,1889–1951,Ludwig_Wittgenstein.txt,20
Ludwig von Bertalanffy,1901–1972,Ludwig_von_Bertalanffy.txt,20
Ludwik Fleck,1896-1961,Ludwik_Fleck.txt,20
Luigi Ferri,1826–1895,Luigi_Ferri.txt,19
Luis de Molina,1535–1600,Luis_de_Molina.txt,16
Luitzen Egbertus Jan Brouwer,1881–1966,Luitzen_Egbertus_Jan_Brouwer.txt,20
Lynne Rudder Baker,1944–2017,Lynne_Rudder_Baker.txt,20
Lysander Spooner,1808–1887,Lysander_Spooner.txt,19
Lyubov Axelrod,1868–1946,Lyubov_Axelrod.txt,20
M.N.Roy,1887–1954,M.N.Roy.txt,20
Madeleine de Scudéry,1607–1701,Madeleine_de_Scudéry.txt,17
Madhava of Sangamagrama,died 1386,Madhava_of_Sangamagrama.txt,14
Mahatma Gandhi,1869–1948,Mahatma_Gandhi.txt,20
Mahavira,599–527&nbsp;BC,Mahavira.txt,-6
Maimonides,1135–1204,Maimonides.txt,12
Maine de Biran,1766–1824,Maine_de_Biran.txt,18
Malcolm Budd,born 1941,Malcolm_Budd.txt,20
Mani (prophet),3rd century,Mani_(prophet).txt,3
Mao Zedong,1893–1976,Mao_Zedong.txt,20
Marcel Gauchet,born 1946,Marcel_Gauchet.txt,20
Marcel Proust,1871–1922,Marcel_Proust.txt,19
Marcion of Sinope,110–160,Marcion_of_Sinope.txt,2
Marcus Aurelius,121–180,Marcus_Aurelius.txt,2
Margaret Cavendish,1623–1673,Margaret_Cavendish.txt,17
Margaret Fell,1614–1702,Margaret_Fell.txt,17
Marie de Gournay,1565–1645,Marie_de_Gournay.txt,17
Marilyn Frye,born 1941,Marilyn_Frye.txt,20
Marilyn McCord Adams,1943–2017,Marilyn_McCord_Adams.txt,20
Marin Mersenne,1588–1648,Marin_Mersenne.txt,17
Mario Bunge,1919–2020,Mario_Bunge.txt,20
Mark Sainsbury (philosopher),born 1943,Mark_Sainsbury_(philosopher).txt,20
Marko Marulić,1450–1524,Marko_Marulić.txt,15
Marquis de Condorcet,1743–1794,Marquis_de_Condorcet.txt,18
Marsilio Ficino,1433–1499,Marsilio_Ficino.txt,15
Marsilius of Inghen,1330–1396,Marsilius_of_Inghen.txt,14
Marsilius of Padua,1270–1342,Marsilius_of_Padua.txt,14
Martha Nussbaum,born 1947,Martha_Nussbaum.txt,20
Martin Buber,1878–1965,Martin_Buber.txt,20
Martin Heidegger,1889–1976,Martin_Heidegger.txt,20
Martin Knutzen,1713–1751,Martin_Knutzen.txt,18
Martin Luther,1483–1546,Martin_Luther.txt,16
Martin Luther King Jr.,1929–1968,Martin_Luther_King_Jr..txt,20
Mary Astell,1666–1731,Mary_Astell.txt,17
Mary Midgley,1919–2018,Mary_Midgley.txt,20
Mary Wollstonecraft,1759–1797,Mary_Wollstonecraft.txt,18
Matthew Arnold,1822–1888,Matthew_Arnold.txt,19
Matthew Tindal,1657–1733,Matthew_Tindal.txt,17
Matthew of Aquasparta,1238–1302,Matthew_of_Aquasparta.txt,13
Maurice Blanchot,1907–2003,Maurice_Blanchot.txt,20
Maurice Blondel,1861–1949,Maurice_Blondel.txt,20
Maurice Merleau-Ponty,1908–1961,Maurice_Merleau-Ponty.txt,20
Max Black,1909–1988,Max_Black.txt,20
Max Horkheimer,1895–1973,Max_Horkheimer.txt,20
Max Planck,1858–1947,Max_Planck.txt,20
Max Scheler,1874–1928,Max_Scheler.txt,20
Max Stirner,1806–1856,Max_Stirner.txt,19
Max Weber,1864–1920,Max_Weber.txt,19
Meister Eckhart,1260–1327/8,Meister_Eckhart.txt,7
Melissus of Samos,late 5th century&nbsp;BC,Melissus_of_Samos.txt,-5
Menasseh Ben Israel,1604–1657,Menasseh_Ben_Israel.txt,17
Mencius,372–289 BC,Mencius.txt,-4
Menyhért Palágyi,1859–1924,Menyhért_Palágyi.txt,19
Merab Mamardashvili,1930–1990,Merab_Mamardashvili.txt,20
Michael A. Smith (philosopher),born 1954,Michael_A._Smith_(philosopher).txt,20
Michael Dummett,1925–2011,Michael_Dummett.txt,20
Michael Faraday,1791–1867,Michael_Faraday.txt,19
Michael Frede,1940–2007,Michael_Frede.txt,20
Michael Hardt,born 1960,Michael_Hardt.txt,20
Michael Löwy,born 1938,Michael_Löwy.txt,20
Michael Oakeshott,1901–1990,Michael_Oakeshott.txt,20
Michael Polanyi,1891–1976,Michael_Polanyi.txt,20
Michael Ruse,born 1940,Michael_Ruse.txt,20
Michael Sandel,born 1953,Michael_Sandel.txt,20
Michael Tye (philosopher),born 1950,Michael_Tye_(philosopher).txt,20
Michael Walzer,born 1935,Michael_Walzer.txt,20
Michal Sedziwój,1566–1636,Michal_Sedziwój.txt,17
Michel Foucault,1926–1984,Michel_Foucault.txt,20
Michel Henry,1922–2002,Michel_Henry.txt,20
Michel Onfray,born 1959,Michel_Onfray.txt,20
Michel Serres,1930–2019,Michel_Serres.txt,20
Michel Villey,1914–1988,Michel_Villey.txt,20
Michel de Certeau,1925–1986,Michel_de_Certeau.txt,20
Michel de Montaigne,1533–1592,Michel_de_Montaigne.txt,16
Michelangelo Fardella,1646–1718,Michelangelo_Fardella.txt,17
Michèle Le Dœuff,born 1948,Michèle_Le_Dœuff.txt,20
Miguel Abensour,1939–2017,Miguel_Abensour.txt,20
Miguel de Unamuno,1864–1936,Miguel_de_Unamuno.txt,20
Mihailo Marković,1923–2010,Mihailo_Marković.txt,20
Mikhail Bakhtin,1895–1975,Mikhail_Bakhtin.txt,20
Mikhail Bakunin,1814–1876,Mikhail_Bakunin.txt,19
Mikhail Lifshitz,1905–1983,Mikhail_Lifshitz.txt,20
Miki Kiyoshi,1897–1945,Miki_Kiyoshi.txt,20
Mikyo Dorje,1507–1554,Mikyo_Dorje.txt,16
Milan Kangrga,1923–2008,Milan_Kangrga.txt,20
Milan Vidmar,1885–1962,Milan_Vidmar.txt,20
Mir Damad,died 1631,Mir_Damad.txt,17
Mircea Eliade,1907–1986,Mircea_Eliade.txt,20
Miura Baien,1723–1789,Miura_Baien.txt,18
Mohammed Arkoun,1928-2010,Mohammed_Arkoun.txt,20
Monroe Beardsley,1915–1985,Monroe_Beardsley.txt,20
Mordecai Kaplan,1881–1983,Mordecai_Kaplan.txt,20
Moritz Schlick,1882–1936,Moritz_Schlick.txt,20
Morris Raphael Cohen,1880–1947,Morris_Raphael_Cohen.txt,20
Moses Hess,1812–1875,Moses_Hess.txt,19
Moses Mendelssohn,1729–1786,Moses_Mendelssohn.txt,18
Moses ben Jacob Cordovero,1522–1570,Moses_ben_Jacob_Cordovero.txt,16
Moses ibn Ezra,1070–1138,Moses_ibn_Ezra.txt,12
Motoori Norinaga,1730–1801,Motoori_Norinaga.txt,18
Mozi,c. 470 – c. 390 BC,Mozi.txt,-5
Muammar Gaddafi,1941–2011,Muammar_Gaddafi.txt,20
Muhammad Abduh,1849–1905,Muhammad_Abduh.txt,19
Muhammad Iqbal,1877–1938,Muhammad_Iqbal.txt,20
Mulla Hadi Sabzevari,1797–1873,Mulla_Hadi_Sabzevari.txt,19
Mulla Sadra,1571–1640,Mulla_Sadra.txt,17
Muro Kyuso,1658–1734,Muro_Kyuso.txt,17
Musonius Rufus,1st century,Musonius_Rufus.txt,1
Myles Frederic Burnyeat,1939–2019,Myles_Frederic_Burnyeat.txt,20
Nachman Krochmal,1785–1840,Nachman_Krochmal.txt,19
Nae Ionescu,1890–1940,Nae_Ionescu.txt,20
Nagarjuna,ca. 200 CE,Nagarjuna.txt,3
Nahmanides,1194–1270,Nahmanides.txt,13
Nancy Cartwright (philosopher),born 1943,Nancy_Cartwright_(philosopher).txt,20
Nasir al-Din al-Tusi,1201–1274,Nasir_al-Din_al-Tusi.txt,13
Nathan Salmon,born 1951,Nathan_Salmon.txt,20
Nathaniel Culverwel,1619–1651,Nathaniel_Culverwel.txt,17
Ned Block,born 1942,Ned_Block.txt,20
Nelson Goodman,1906–1998,Nelson_Goodman.txt,20
Nemesius of Emesa,fl. c. 400,Nemesius_of_Emesa.txt,5
Newton da Costa,born 1929,Newton_da_Costa.txt,20
Niccolò Machiavelli,1469–1527,Niccolò_Machiavelli.txt,15
Nichiren,1222–1282,Nichiren.txt,13
Nicholas Onufrievich Lossky,1870–1965,Nicholas_Onufrievich_Lossky.txt,20
Nicholas Rescher,born 1928,Nicholas_Rescher.txt,20
Nicholas Wolterstorff,born 1932,Nicholas_Wolterstorff.txt,20
Nicholas of Autrecourt,c. 1300 – 1369,Nicholas_of_Autrecourt.txt,14
Nicholas of Cusa,1401–1464,Nicholas_of_Cusa.txt,15
Nicola Abbagnano,1901–1990,Nicola_Abbagnano.txt,20
Nicolai Hartmann,1882–1950,Nicolai_Hartmann.txt,20
Nicolas Boileau-Despréaux,1636–1711,Nicolas_Boileau-Despréaux.txt,17
Nicolas Malebranche,1638–1715,Nicolas_Malebranche.txt,17
Nicolaus Copernicus,1473–1543,Nicolaus_Copernicus.txt,16
Nicolaus Taurellus,1547–1606,Nicolaus_Taurellus.txt,16
Nicole Oresme,1320–1382,Nicole_Oresme.txt,14
Nicoletto Vernia,1442–1499,Nicoletto_Vernia.txt,15
Nicos Poulantzas,1936–1979,Nicos_Poulantzas.txt,20
Niels Bohr,1885–1962,Niels_Bohr.txt,20
Nikolai Berdyaev,1874–1948,Nikolai_Berdyaev.txt,20
Nikolai Bukharin,1888–1938,Nikolai_Bukharin.txt,20
Nikolai Chernyshevsky,1828–1889,Nikolai_Chernyshevsky.txt,19
Nikolai Fyodorovich Fyodorov,1828–1906,Nikolai_Fyodorovich_Fyodorov.txt,19
Nikolai Ivanovich Kareev,1850–1931,Nikolai_Ivanovich_Kareev.txt,19
Nikolai Konstantinovich Mikhailovskii,1842–1904,Nikolai_Konstantinovich_Mikhailovskii.txt,19
Nishi Amane,1829–1897,Nishi_Amane.txt,19
Nishida Kitaro,1870–1945,Nishida_Kitaro.txt,20
Nishitani Keiji,1900–1990,Nishitani_Keiji.txt,20
Noah Porter,1811–1892,Noah_Porter.txt,19
Noam Chomsky,born 1928,Noam_Chomsky.txt,20
Norberto Bobbio,1909–2004,Norberto_Bobbio.txt,20
Norman Kemp Smith,1872–1958,Norman_Kemp_Smith.txt,20
Norman Malcolm,1911–1990,Norman_Malcolm.txt,20
Norman Robert Campbell,1880–1949,Norman_Robert_Campbell.txt,20
Norwood Russell Hanson,1922–1967,Norwood_Russell_Hanson.txt,20
Novalis,1772–1801,Novalis.txt,18
Nuel Belnap,born 1930,Nuel_Belnap.txt,20
Numenius of Apamea,2nd century,Numenius_of_Apamea.txt,2
Octave Hamelin,1856–1907,Octave_Hamelin.txt,19
Odo Marquard,1928–2015,Odo_Marquard.txt,20
Oets Kolk Bouwsma,1898–1978,Oets_Kolk_Bouwsma.txt,20
Ogyū Sorai,1666–1728,Ogyū_Sorai.txt,17
Olaf Stapledon,1886–1950,Olaf_Stapledon.txt,20
"Oliver Wendell Holmes, Jr.",1841–1935,"Oliver_Wendell_Holmes,_Jr..txt",19
Olympiodorus the Younger,495–570,Olympiodorus_the_Younger.txt,6
Omar Khayyam,1048–1131,Omar_Khayyam.txt,11
"Onora O'Neill, Baroness O'Neill of Bengarve",born 1941,"Onora_O'Neill,_Baroness_O'Neill_of_Bengarve.txt",20
Orestes Brownson,1803–1876,Orestes_Brownson.txt,19
Origen of Alexandria,c. 182–c. 251,Origen_of_Alexandria.txt,3
Oswald Külpe,1862–1915,Oswald_Külpe.txt,19
Oswald Spengler,1880–1936,Oswald_Spengler.txt,20
Othmar Spann,1878–1950,Othmar_Spann.txt,20
Otto Liebmann,1840–1912,Otto_Liebmann.txt,19
Otto Neurath,1882–1945,Otto_Neurath.txt,20
Otto Rühle,1874–1943,Otto_Rühle.txt,20
Otto Weininger,1880–1903,Otto_Weininger.txt,19
P. F. Strawson,1919–2006,P._F._Strawson.txt,20
Panaetius,c. 185 – c. 110&nbsp;BC,Panaetius.txt,-2
Pandurang Shastri Athavale,1920–2003,Pandurang_Shastri_Athavale.txt,20
Paracelsus,1493–1541,Paracelsus.txt,16
Parmenides,5th century&nbsp;BC,Parmenides.txt,-5
Pasquale Galluppi,1770–1846,Pasquale_Galluppi.txt,19
Patañjali,2nd century&nbsp;BC,Patañjali.txt,-2
Patricia Churchland,born 1943,Patricia_Churchland.txt,20
Patricia Kitcher,born 1948,Patricia_Kitcher.txt,20
Paul Carus,1852–1919,Paul_Carus.txt,19
Paul Churchland,born 1942,Paul_Churchland.txt,20
Paul Deussen,1845–1919,Paul_Deussen.txt,19
Paul Edwards (philosopher),1923–2004,Paul_Edwards_(philosopher).txt,20
Paul Feyerabend,1924–1994,Paul_Feyerabend.txt,20
Paul Gerhard Natorp,1854–1924,Paul_Gerhard_Natorp.txt,19
Paul Grice,1913–1988,Paul_Grice.txt,20
Paul Horwich,born 1947,Paul_Horwich.txt,20
Paul Lorenzen,1915–1995,Paul_Lorenzen.txt,20
Paul Ramsey (ethicist),1913–1988,Paul_Ramsey_(ethicist).txt,20
Paul Ree,1849–1901,Paul_Ree.txt,19
Paul Ricœur,1913–2005,Paul_Ricœur.txt,20
Paul Tillich,1886–1965,Paul_Tillich.txt,20
Paul Valéry,1871–1945,Paul_Valéry.txt,20
Paul Yorck von Wartenburg,1835–1897,Paul_Yorck_von_Wartenburg.txt,19
Paul de Man,1919–1983,Paul_de_Man.txt,20
Paul of Venice,1369–1429,Paul_of_Venice.txt,14
Paulo Freire,1921–1997,Paulo_Freire.txt,20
Pavel Aleksandrovich Florenskii,1882–1937,Pavel_Aleksandrovich_Florenskii.txt,20
Pavel Yudin,1899–1968,Pavel_Yudin.txt,20
Pedro da Fonseca (philosopher),1528–1599,Pedro_da_Fonseca_(philosopher).txt,16
Pelagius,c. 360 – c. 435,Pelagius.txt,4
Percy Williams Bridgman,1882–1961,Percy_Williams_Bridgman.txt,20
Petar II Petrović-Njegoš,1813–1851,Petar_II_Petrović-Njegoš.txt,19
Peter Abelard,1079–1142,Peter_Abelard.txt,12
Peter Annet,1693–1769,Peter_Annet.txt,18
Peter Aureol,c. 1280–1322,Peter_Aureol.txt,14
Peter Browne (theologian),1666–1735,Peter_Browne_(theologian).txt,18
Peter Damian,c. 1007–1072,Peter_Damian.txt,11
Peter Geach,1919–2013,Peter_Geach.txt,20
Peter Kropotkin,1842–1921,Peter_Kropotkin.txt,19
Peter Lavrovitch Lavrov,1823–1900,Peter_Lavrovitch_Lavrov.txt,19
Peter Lombard,c. 1100 – 1160,Peter_Lombard.txt,12
Peter Olivi,1248–1298,Peter_Olivi.txt,13
Peter Singer,born 1946,Peter_Singer.txt,20
Peter Sloterdijk,born 1947,Peter_Sloterdijk.txt,20
Peter Thielst,born 1951,Peter_Thielst.txt,20
Peter Tudvad,born 1966,Peter_Tudvad.txt,20
Peter Unger,born 1942,Peter_Unger.txt,20
Peter Wessel Zapffe,1899–1990,Peter_Wessel_Zapffe.txt,20
Peter Winch,1926–1997,Peter_Winch.txt,20
Peter of Auvergne,13th century,Peter_of_Auvergne.txt,13
Peter of Spain (author),13th century; usually identified with [[Pope John XXI]],Peter_of_Spain_(author).txt,13
Peter van Inwagen,born 1942,Peter_van_Inwagen.txt,20
Petrarch,1304–1374,Petrarch.txt,14
Petrus Ramus,1515–1572,Petrus_Ramus.txt,16
Philip the Chancellor,1160–1236,Philip_the_Chancellor.txt,12
Philipp Melanchthon,1497–1560,Philipp_Melanchthon.txt,16
Philippa Foot,1920–2010,Philippa_Foot.txt,20
Philippe Lacoue-Labarthe,1940–2007,Philippe_Lacoue-Labarthe.txt,20
Philo,20&nbsp;BC–40&nbsp;AD,Philo.txt,-1
Philo of Larissa,1st century&nbsp;BC,Philo_of_Larissa.txt,-1
Philo of Megara,300&nbsp;BC c.,Philo_of_Megara.txt,-4
Philo the Dialectician,c. 300&nbsp;BC,Philo_the_Dialectician.txt,-4
Philodemus,1st century&nbsp;BC,Philodemus.txt,-1
Philolaus,c. 480 – c. 405&nbsp;BC,Philolaus.txt,-5
Piero Martinetti,1872–1943,Piero_Martinetti.txt,20
Pierre Bayle,1647–1706,Pierre_Bayle.txt,17
Pierre Bourdieu,1930–2002,Pierre_Bourdieu.txt,20
Pierre Charron,1541–1603,Pierre_Charron.txt,16
Pierre Daniel Huet,1630–1721,Pierre_Daniel_Huet.txt,17
Pierre Duhem,1861–1916,Pierre_Duhem.txt,19
Pierre Gassendi,1592–1655,Pierre_Gassendi.txt,17
Pierre Jean George Cabanis,1757–1808,Pierre_Jean_George_Cabanis.txt,18
Pierre Laffitte,1823–1903,Pierre_Laffitte.txt,19
Pierre Laromiguière,1756–1837,Pierre_Laromiguière.txt,18
Pierre Leroux,1798–1871,Pierre_Leroux.txt,19
Pierre Louis Maupertuis,1698–1759,Pierre_Louis_Maupertuis.txt,18
Pierre Nicole,1625–1695,Pierre_Nicole.txt,17
Pierre Paul Royer-Collard,1763–1845,Pierre_Paul_Royer-Collard.txt,19
Pierre Teilhard de Chardin,1881–1955,Pierre_Teilhard_de_Chardin.txt,20
Pierre d'Ailly,1350–1420,Pierre_d'Ailly.txt,14
Pierre-Joseph Proudhon,1809–1865,Pierre-Joseph_Proudhon.txt,19
Pierre-Simon Laplace,1749–1827,Pierre-Simon_Laplace.txt,18
Pierre-Sylvain Regis,1632–1707,Pierre-Sylvain_Regis.txt,17
Pietro Pomponazzi,1462–1525,Pietro_Pomponazzi.txt,15
Pietro Ubaldi,1886–1972,Pietro_Ubaldi.txt,20
Placide Tempels,1906–1977,Placide_Tempels.txt,20
Plato,c. 427 – c. 347&nbsp;BC,Plato.txt,-4
Plotinus,died 270,Plotinus.txt,3
Plutarch,c. 45 – c. 120,Plutarch.txt,1
Pope Gregory I,540–604,Pope_Gregory_I.txt,6
Pope Silvester II,c. 950–1003,Pope_Silvester_II.txt,10
Porphyry (philosopher),c. 232 – c. 304,Porphyry_(philosopher).txt,3
Posidonius,c. 135 – 51&nbsp;BC,Posidonius.txt,-1
Prabhat Rainjan Sarkar,1921–1990,Prabhat_Rainjan_Sarkar.txt,20
Proclus,412–487,Proclus.txt,5
Prodicus,c. 450 – 399&nbsp;BC,Prodicus.txt,-5
Profiat Duran,c. 1349–c. 1414,Profiat_Duran.txt,14
Protagoras,c. 481 – 420&nbsp;BC,Protagoras.txt,-5
Pseudo-Dionysius the Areopagite,5th century,Pseudo-Dionysius_the_Areopagite.txt,5
Ptolemy,c. 85 – c. 165,Ptolemy.txt,2
Pyotr Chaadaev,1794–1856,Pyotr_Chaadaev.txt,19
Pyrrho,c. 360 – c. 270,Pyrrho.txt,4
Pythagoras,582 – 496&nbsp;BC,Pythagoras.txt,-6
R. G. Collingwood,1889–1943,R._G._Collingwood.txt,20
R. M. Hare,1919–2002,R._M._Hare.txt,20
R.R. Rockingham Gill,born 1944,R.R._Rockingham_Gill.txt,20
Rabindranath Tagore,1861–1941,Rabindranath_Tagore.txt,20
Radovan Richta,1924–1983,Radovan_Richta.txt,20
Radulphus Brito,c. 1270–c. 1320,Radulphus_Brito.txt,13
Rafael Gambra Ciudad,1920–2004,Rafael_Gambra_Ciudad.txt,20
Raimo Tuomela,1940–2020,Raimo_Tuomela.txt,20
Ralph Barton Perry,1876–1957,Ralph_Barton_Perry.txt,20
Ralph Cudworth,1617–1688,Ralph_Cudworth.txt,17
Ralph Waldo Emerson,1803–1882,Ralph_Waldo_Emerson.txt,19
Ram Gopal Varma,born 1989,Ram_Gopal_Varma.txt,20
Ramakrishna,1836–1886,Ramakrishna.txt,19
Ramanuja,1017–1137,Ramanuja.txt,11
Ramon Llull,1235–1315,Ramon_Llull.txt,13
Raya Dunayevskaya,1910–1987,Raya_Dunayevskaya.txt,20
Raymond Smullyan,1919–2017,Raymond_Smullyan.txt,20
Raymond Williams,1921–1988,Raymond_Williams.txt,20
Raúl Scalabrini Ortiz,1898–1959,Raúl_Scalabrini_Ortiz.txt,20
Reinhold Niebuhr,1892–1971,Reinhold_Niebuhr.txt,20
René Descartes,1596–1650,René_Descartes.txt,17
René Le Senne,1882–1954,René_Le_Senne.txt,20
Richard Avenarius,1843–1896,Richard_Avenarius.txt,19
Richard B. Brandt,1910–1997,Richard_B._Brandt.txt,20
Richard Bentley,1662–1742,Richard_Bentley.txt,18
Richard Brinkley,fl. 1350–1373,Richard_Brinkley.txt,14
Richard Burthogge,1638–1704,Richard_Burthogge.txt,17
Richard C. Jeffrey,1926–2002,Richard_C._Jeffrey.txt,20
Richard Cumberland (philosopher),1631?–1718,Richard_Cumberland_(philosopher).txt,17
Richard Dedekind,1831–1916,Richard_Dedekind.txt,19
Richard FitzRalph,c. 1300–1360,Richard_FitzRalph.txt,14
Richard Fumerton,born 1949,Richard_Fumerton.txt,20
Richard Hooker (theologian),1554–1600,Richard_Hooker_(theologian).txt,16
Richard Hönigswald,1875–1947,Richard_Hönigswald.txt,20
Richard Kilvington,1302–1361,Richard_Kilvington.txt,14
Richard Montague,1930–1971,Richard_Montague.txt,20
Richard Overton (pamphleteer),died c. 1665,Richard_Overton_(pamphleteer).txt,17
Richard Posner,born 1939,Richard_Posner.txt,20
Richard Price,1723–1791,Richard_Price.txt,18
Richard Rorty,1931–2007,Richard_Rorty.txt,20
Richard Rufus of Cornwall,1231–1259,Richard_Rufus_of_Cornwall.txt,13
Richard Schacht,born 1941,Richard_Schacht.txt,20
Richard Stanley Peters,1919–2011,Richard_Stanley_Peters.txt,20
Richard Swinburne,born 1934,Richard_Swinburne.txt,20
Richard Sylvan,1935–1996,Richard_Sylvan.txt,20
Richard Taylor (philosopher),1919–2003,Richard_Taylor_(philosopher).txt,20
Richard Wollheim,1923–2003,Richard_Wollheim.txt,20
Richard of Middleton,c. 1249–1306,Richard_of_Middleton.txt,13
Richard of St. Victor,died 1173,Richard_of_St._Victor.txt,12
Richard-Bevan Braithwaite,1900–1990,Richard-Bevan_Braithwaite.txt,20
Robert Alyngton,died 1398,Robert_Alyngton.txt,14
Robert Bellarmine,1542–1621,Robert_Bellarmine.txt,16
Robert Boyle,1627–1691,Robert_Boyle.txt,17
Robert Desgabets,1610–1678,Robert_Desgabets.txt,17
Robert Filmer,1588–1653,Robert_Filmer.txt,17
Robert Fludd,1574–1637,Robert_Fludd.txt,17
Robert Grosseteste,1175–1253,Robert_Grosseteste.txt,13
Robert Holcot,1290–1349,Robert_Holcot.txt,14
Robert J. Fogelin,1932–2016,Robert_J._Fogelin.txt,20
Robert Joseph Pothier,1699–1772,Robert_Joseph_Pothier.txt,18
Robert Kilwardby,1215–1279,Robert_Kilwardby.txt,13
Robert Merrihew Adams,born 1937,Robert_Merrihew_Adams.txt,20
Robert Nozick,1938–2001,Robert_Nozick.txt,20
Robert Stalnaker,born 1940,Robert_Stalnaker.txt,20
Roberto Ardigò,1828–1920,Roberto_Ardigò.txt,19
Roderick Chisholm,1916–1999,Roderick_Chisholm.txt,20
Rodolphus Agricola,1443–1485,Rodolphus_Agricola.txt,15
Roger Bacon,1214–1294,Roger_Bacon.txt,13
Roger Marston,1235–1303,Roger_Marston.txt,13
Roger Scruton,1944–2020,Roger_Scruton.txt,20
Roland Barthes,1915–1980,Roland_Barthes.txt,20
Roman Ingarden,1893–1970,Roman_Ingarden.txt,20
Ronald Dworkin,1931–2013,Ronald_Dworkin.txt,20
Ronald Fisher,1890–1962,Ronald_Fisher.txt,20
Rosa Luxemburg,1871–1919,Rosa_Luxemburg.txt,19
Roscelin of Compiègne,c. 1050–c. 1120,Roscelin_of_Compiègne.txt,11
Roscoe Pound,1870–1964,Roscoe_Pound.txt,20
Roy Wood Sellars,1880–1973,Roy_Wood_Sellars.txt,20
Ruan Ji,210–263,Ruan_Ji.txt,3
Rudi Supek,1913–1993,Rudi_Supek.txt,20
Rudjer Boscovich,1711–1787,Rudjer_Boscovich.txt,18
Rudolf Bultmann,1884–1976,Rudolf_Bultmann.txt,20
Rudolf Carnap,1891–1970,Rudolf_Carnap.txt,20
Rudolf Christoph Eucken,1846–1926,Rudolf_Christoph_Eucken.txt,19
Rudolf Otto,1869–1937,Rudolf_Otto.txt,20
Rudolf Steiner,1861–1925,Rudolf_Steiner.txt,19
Rudolf von Jhering,1818–1892,Rudolf_von_Jhering.txt,19
Rudolph Goclenius,1547–1628,Rudolph_Goclenius.txt,16
Ruth Barcan Marcus,1921–2012,Ruth_Barcan_Marcus.txt,20
Ruth Millikan,born 1933,Ruth_Millikan.txt,20
Réginald Garrigou-Lagrange,1887–1964,Réginald_Garrigou-Lagrange.txt,20
Régis Debray,born 1940,Régis_Debray.txt,20
Saadia Gaon,892–942,Saadia_Gaon.txt,10
Sakya Pandita,1182–1251,Sakya_Pandita.txt,13
Salomon Maimon,1753–1800,Salomon_Maimon.txt,18
Samuel Alexander,1859–1938,Samuel_Alexander.txt,19
Samuel Bold,1649–1737,Samuel_Bold.txt,17
Samuel Butler (1835–1902),1835–1902,Samuel_Butler_(1835–1902).txt,19
Samuel Clarke,1675–1729,Samuel_Clarke.txt,18
Samuel Johnson,1709–1784,Samuel_Johnson.txt,18
Samuel Johnson (Columbia),1696–1772,Samuel_Johnson_(Columbia).txt,18
Samuel Johnson (pamphleteer),1649–1703,Samuel_Johnson_(pamphleteer).txt,17
Samuel Pufendorf,1632–1694,Samuel_Pufendorf.txt,17
Samuel Taylor Coleridge,1772–1834,Samuel_Taylor_Coleridge.txt,19
Samuel ibn Tibbon,c. 1165 – 1232,Samuel_ibn_Tibbon.txt,12
Sandra Harding,born 1935,Sandra_Harding.txt,20
Sarvepalli Radhakrishnan,1888–1975,Sarvepalli_Radhakrishnan.txt,20
Saul Kripke,born 1940,Saul_Kripke.txt,20
Scott Soames,born 1946,Scott_Soames.txt,20
Sebastian Franck,1499–1542,Sebastian_Franck.txt,16
Seiichi Hatano,1877–1950,Seiichi_Hatano.txt,20
Semën Liudvigovich Frank,1877–1950,Semën_Liudvigovich_Frank.txt,20
Seneca the Younger,c. 4 BC–AD 65,Seneca_the_Younger.txt,-1
Sengzhao,384–414,Sengzhao.txt,4
Sergei Bulgakov,1871–1944,Sergei_Bulgakov.txt,20
Sergey Nechayev,1847–1882,Sergey_Nechayev.txt,19
Sergio Bagú,1911–2002,Sergio_Bagú.txt,20
Sextus Empiricus,2nd/3rd century,Sextus_Empiricus.txt,3
Shadworth Hodgson,1832–1912,Shadworth_Hodgson.txt,19
Shah Wali Allah,1703–1762,Shah_Wali_Allah.txt,18
Shahab al-Din Yahya ibn Habash Suhrawardi,1154–1191,Shahab_al-Din_Yahya_ibn_Habash_Suhrawardi.txt,12
Shang Yang,died 338 BC,Shang_Yang.txt,-4
Shantideva,8th century,Shantideva.txt,8
Shao Yung,1011–1077,Shao_Yung.txt,11
Shen Buhai,died 337 BC,Shen_Buhai.txt,-4
Shen Dao,c. 350 – 275 BC,Shen_Dao.txt,-4
Shinran,1173–1261,Shinran.txt,13
Shri Madhvacharya,1238–1317,Shri_Madhvacharya.txt,13
Shriharsha,12th c.,Shriharsha.txt,1
Sidney Hook,1902–1989,Sidney_Hook.txt,20
Sigerus of Brabant,1240–1284,Sigerus_of_Brabant.txt,13
Sigmund Freud,1856–1939,Sigmund_Freud.txt,19
Simeon Duran,1361–1444,Simeon_Duran.txt,15
Simon Blackburn,born 1944,Simon_Blackburn.txt,20
Simon Foucher,1644–1696,Simon_Foucher.txt,17
Simon of Faversham,c. 1260–1306,Simon_of_Faversham.txt,13
Simone Weil,1909–1943,Simone_Weil.txt,20
Simone de Beauvoir,1908–1986,Simone_de_Beauvoir.txt,20
Simplicius of Cilicia,early 6th century,Simplicius_of_Cilicia.txt,6
"Sir William Hamilton, 9th Baronet",1788–1856,"Sir_William_Hamilton,_9th_Baronet.txt",19
Slavoj Žižek,born 1949,Slavoj_Žižek.txt,20
Socrates,470–399 BC,Socrates.txt,-5
Solomon Ibn Gabirol,1021–1058,Solomon_Ibn_Gabirol.txt,11
Sophie de Condorcet,1764–1822,Sophie_de_Condorcet.txt,18
Speusippus,410–339 BC,Speusippus.txt,-4
Sri Aurobindo,1872–1950,Sri_Aurobindo.txt,20
Stanislaw Lesniewski,1886–1939,Stanislaw_Lesniewski.txt,20
Stanislaw Staszic,1755–1826,Stanislaw_Staszic.txt,18
Stanisław Ignacy Witkiewicz,1885–1939,Stanisław_Ignacy_Witkiewicz.txt,20
Stanley Cavell,1926–2018,Stanley_Cavell.txt,20
Stephen Stich,born 1944,Stephen_Stich.txt,20
Stilpo,c. 360 – c. 280 BC,Stilpo.txt,-4
Strato of Lampsacus,c. 340 – c. 268 BC,Strato_of_Lampsacus.txt,-4
Stuart Hampshire,1914–2004,Stuart_Hampshire.txt,20
Sun Tzu,c. 5th century BC,Sun_Tzu.txt,-5
Sun Yat-sen,1866–1925,Sun_Yat-sen.txt,19
Susan Haack,born 1945,Susan_Haack.txt,20
Susan Mendus,born 1951,Susan_Mendus.txt,20
Susanne Langer,1895–1985,Susanne_Langer.txt,20
Svetozar Marković,1846–1875,Svetozar_Marković.txt,19
Swami Vivekananda,1863–1902,Swami_Vivekananda.txt,19
Sydney Shoemaker,born 1931,Sydney_Shoemaker.txt,20
Syed Zafarul Hasan,1885–1949,Syed_Zafarul_Hasan.txt,20
Syrianus,5th century,Syrianus.txt,5
Søren Kierkegaard,1813–1855,Søren_Kierkegaard.txt,19
T'an Ssu-t'ung,1864–1898,T'an_Ssu-t'ung.txt,19
T. M. Scanlon,born 1940,T._M._Scanlon.txt,20
T. S. Eliot,1888–1965,T._S._Eliot.txt,20
Tadeusz Kotarbiński,1886–1981,Tadeusz_Kotarbiński.txt,20
Tai Chen,1724–1777,Tai_Chen.txt,18
Tanabe Hajime,1885–1962,Tanabe_Hajime.txt,20
Terence Irwin,born 1947,Terence_Irwin.txt,20
Teresa of Avila,1515–1582,Teresa_of_Avila.txt,16
Tertullian,c. 160 – c. 220,Tertullian.txt,2
Thales,c. 635 – 543 BC,Thales.txt,-6
Themistius,317–387,Themistius.txt,4
Theodor Adorno,1903–1969,Theodor_Adorno.txt,20
Theodor Lipps,1851–1914,Theodor_Lipps.txt,19
Theodore Parker,1810–1860,Theodore_Parker.txt,19
Theodorus of Cyrene,c. 465 – 398 BC,Theodorus_of_Cyrene.txt,-5
Theophrastus,372–287 BC,Theophrastus.txt,-4
Thierry of Chartres,fl. c. 1130–1150,Thierry_of_Chartres.txt,12
Thom Brooks,born 1973,Thom_Brooks.txt,20
Thomas Aquinas,1225–1274,Thomas_Aquinas.txt,13
Thomas Bradwardine,c. 1290–1349,Thomas_Bradwardine.txt,14
Thomas Brown (philosopher),1778–1820,Thomas_Brown_(philosopher).txt,18
Thomas Cajetan,1469–1534,Thomas_Cajetan.txt,16
Thomas Carlyle,1795–1881,Thomas_Carlyle.txt,19
Thomas Chubb,1679–1747,Thomas_Chubb.txt,18
Thomas Henry Huxley,1825–1895,Thomas_Henry_Huxley.txt,19
Thomas Hill Green,1836–1882,Thomas_Hill_Green.txt,19
Thomas Hobbes,1588–1679,Thomas_Hobbes.txt,17
Thomas Jefferson,1743–1826,Thomas_Jefferson.txt,18
Thomas Malthus,1766–1834,Thomas_Malthus.txt,19
Thomas More,1478–1535,Thomas_More.txt,16
Thomas Morgan (deist),died 1743,Thomas_Morgan_(deist).txt,18
Thomas Nagel,born 1937,Thomas_Nagel.txt,20
Thomas Paine,1737–1809,Thomas_Paine.txt,18
Thomas Percival,1740–1804,Thomas_Percival.txt,18
Thomas Reid,1710–1796,Thomas_Reid.txt,18
Thomas Samuel Kuhn,1922–1996,Thomas_Samuel_Kuhn.txt,20
Thomas Spencer Baynes,1823–1887,Thomas_Spencer_Baynes.txt,19
Thomas White (philosopher),1593–1676,Thomas_White_(philosopher).txt,17
Thomas of Erfurt,14th century,Thomas_of_Erfurt.txt,14
Thomas of York (Franciscan),13th century,Thomas_of_York_(Franciscan).txt,13
Thomas à Kempis,1380–1471,Thomas_à_Kempis.txt,15
Thome H. Fang,1899–1976,Thome_H._Fang.txt,20
Thoralf Skolem,1887–1963,Thoralf_Skolem.txt,20
Thrasymachus,5th century BC,Thrasymachus.txt,-5
Thucydides,c. 460 – c. 400 BC,Thucydides.txt,-5
Théodore Simon Jouffroy,1796–1842,Théodore_Simon_Jouffroy.txt,19
Timaeus of Locri,5th century BC,Timaeus_of_Locri.txt,-5
Timon (philosopher),c. 300 BC,Timon_(philosopher).txt,-4
Timothy L.S. Sprigge,1932–2007,Timothy_L.S._Sprigge.txt,20
Timothy Williamson,born 1955,Timothy_Williamson.txt,20
Toju Nakae,1608–1648,Toju_Nakae.txt,17
Tominaga Nakamoto,1715–1746,Tominaga_Nakamoto.txt,18
Tommaso Campanella,1568–1639,Tommaso_Campanella.txt,17
Tomáš Masaryk,1850–1937,Tomáš_Masaryk.txt,19
Tyler Burge,born 1946,Tyler_Burge.txt,20
Tzvetan Todorov,1939–2017,Tzvetan_Todorov.txt,20
Udayana,11th century,Udayana.txt,11
Uddyotakara,6th century,Uddyotakara.txt,6
Uisang,625–702,Uisang.txt,7
Ulrich of Strasbourg,1220–1277,Ulrich_of_Strasbourg.txt,13
Umberto Eco,1932–2016,Umberto_Eco.txt,20
Uppaluri Gopala Krishnamurti,1918–2007,Uppaluri_Gopala_Krishnamurti.txt,20
Urbanus Rhegius,1489–1541,Urbanus_Rhegius.txt,16
Uriel da Costa,1585–1640,Uriel_da_Costa.txt,17
Valentin Feldman,1909–1942,Valentin_Feldman.txt,20
Valentin Ferdinandovich Asmus,1894–1975,Valentin_Ferdinandovich_Asmus.txt,20
Valentin Voloshinov,1895–1936,Valentin_Voloshinov.txt,20
Valentinius,c. 100 – c. 153,Valentinius.txt,2
Valentino Annibale Pastore,1868–1956,Valentino_Annibale_Pastore.txt,20
Vallabhacharya,1479–1531,Vallabhacharya.txt,16
Vasily Rozanov,1856–1919,Vasily_Rozanov.txt,19
Vasubandhu,4th century,Vasubandhu.txt,4
Vatsyayana,5th century,Vatsyayana.txt,5
Victor Cousin,1792–1867,Victor_Cousin.txt,19
Victor Serge,1890–1947,Victor_Serge.txt,20
"Victoria, Lady Welby",1837–1912,"Victoria,_Lady_Welby.txt",19
Vilfredo Pareto,1848–1923,Vilfredo_Pareto.txt,19
Vincent Descombes,born 1943,Vincent_Descombes.txt,20
Vincenzo Gioberti,1801–1852,Vincenzo_Gioberti.txt,19
Virgil Aldrich,1903–1998,Virgil_Aldrich.txt,20
Virginia Held,born 1929,Virginia_Held.txt,20
Vissarion Belinsky,1811–1848,Vissarion_Belinsky.txt,19
Vital Du Four,1260–1327,Vital_Du_Four.txt,13
Vladimir Jankélévitch,1903–1985,Vladimir_Jankélévitch.txt,20
Vladimir Lenin,1870–1924,Vladimir_Lenin.txt,19
Vladimir Solovyov (philosopher),1853–1900,Vladimir_Solovyov_(philosopher).txt,19
Voltaire,1694–1778,Voltaire.txt,18
Vyacheslav Ivanov (poet),1866–1949,Vyacheslav_Ivanov_(poet).txt,20
W. E. B. Du Bois,1868–1963,W._E._B._Du_Bois.txt,20
W. V. O. Quine,1908–2000,W._V._O._Quine.txt,20
Walter Benjamin,1892–1940,Walter_Benjamin.txt,20
Walter Burley,c. 1275–c. 1345,Walter_Burley.txt,14
Walter Charleton,1619–1707,Walter_Charleton.txt,17
Walter Chatton,1290–1343,Walter_Chatton.txt,14
Walter Kaufmann (philosopher),1921–1980,Walter_Kaufmann_(philosopher).txt,20
Walter Pater,1839–1904,Walter_Pater.txt,19
Walter Terence Stace,1886–1967,Walter_Terence_Stace.txt,20
Wang Bi,226–249,Wang_Bi.txt,3
Wang Ch'ung (philosopher),27–97,Wang_Ch'ung_(philosopher).txt,1
Wang Fuzhi,1619–1692,Wang_Fuzhi.txt,17
Wang Yangming,1472–1529,Wang_Yangming.txt,16
Watsuji Tetsuro,1889–1960,Watsuji_Tetsuro.txt,20
Weonhyo,617–686,Weonhyo.txt,7
Werner Heisenberg,1901–1976,Werner_Heisenberg.txt,20
Wesley Newcomb Hohfeld,1879–1918,Wesley_Newcomb_Hohfeld.txt,19
Wesley Salmon,1925–2001,Wesley_Salmon.txt,20
Wilfrid Sellars,1912–1989,Wilfrid_Sellars.txt,20
Wilhelm Dilthey,1833–1911,Wilhelm_Dilthey.txt,19
Wilhelm Ostwald,1853–1932,Wilhelm_Ostwald.txt,19
Wilhelm Reich,1897–1957,Wilhelm_Reich.txt,20
Wilhelm Windelband,1848–1915,Wilhelm_Windelband.txt,19
Wilhelm Wundt,1832–1920,Wilhelm_Wundt.txt,19
Wilhelm von Humboldt,1767–1835,Wilhelm_von_Humboldt.txt,19
Will Durant,1885–1981,Will_Durant.txt,20
William Alston,1921–2009,William_Alston.txt,20
William Blackstone,1723–1780,William_Blackstone.txt,18
William Blake,1757–1827,William_Blake.txt,18
William Chillingworth,1602–1644,William_Chillingworth.txt,17
William Crathorn,14th century,William_Crathorn.txt,14
William David Ross,1877–1971,William_David_Ross.txt,20
William Ellery Channing,1780–1842,William_Ellery_Channing.txt,19
William Ernest Hocking,1873–1966,William_Ernest_Hocking.txt,20
William Ernest Johnson,1858–1931,William_Ernest_Johnson.txt,19
William Godwin,1756–1836,William_Godwin.txt,18
William Harvey,1578–1657,William_Harvey.txt,17
William Hazlitt,1778–1830,William_Hazlitt.txt,19
William James,1842–1910,William_James.txt,19
William K. Frankena,1908–1994,William_K._Frankena.txt,20
William Kingdon Clifford,1845–1879,William_Kingdon_Clifford.txt,19
William Kneale (logician),1906–1990,William_Kneale_(logician).txt,20
William Law,1686–1761,William_Law.txt,18
William Lycan,born 1945,William_Lycan.txt,20
William McDougall (psychologist),1871–1938,William_McDougall_(psychologist).txt,20
William Paley,1743–1805,William_Paley.txt,18
William Pepperell Montague,1873–1953,William_Pepperell_Montague.txt,20
William Ralph Inge,1860–1954,William_Ralph_Inge.txt,20
William Ritchie Sorley,1855–1935,William_Ritchie_Sorley.txt,19
William S. Sahakian,1922–1986,William_S._Sahakian.txt,20
William Stanley Jevons,1835–1882,William_Stanley_Jevons.txt,19
William Temple (archbishop),1881–1944,William_Temple_(archbishop).txt,20
William Thompson (Cork),1775–1833,William_Thompson_(Cork).txt,19
William Torrey Harris,1835–1909,William_Torrey_Harris.txt,19
William Whewell,1794–1866,William_Whewell.txt,19
William Wollaston,1659–1724,William_Wollaston.txt,17
William of Alnwick,1270–1333,William_of_Alnwick.txt,14
"William of Auvergne, Bishop of Paris",1180–1249,"William_of_Auvergne,_Bishop_of_Paris.txt",13
William of Auxerre,died 1231,William_of_Auxerre.txt,13
William of Champeaux,c. 1070 – 1121,William_of_Champeaux.txt,11
William of Conches,c. 1080 – 1154,William_of_Conches.txt,12
William of Heytesbury,1313–1373,William_of_Heytesbury.txt,14
William of Moerbeke,c. 1215 – 1286,William_of_Moerbeke.txt,13
William of Ockham,c. 1285–1349,William_of_Ockham.txt,14
William of Shyreswood,1190–1249,William_of_Shyreswood.txt,13
Wladyslaw Tatarkiewicz,1886–1980,Wladyslaw_Tatarkiewicz.txt,20
Wolfgang Köhler,1887–1967,Wolfgang_Köhler.txt,20
Wolfhart Pannenberg,1928–2014,Wolfhart_Pannenberg.txt,20
Wonchuk,613–696,Wonchuk.txt,7
Woo Tsin-hang,1865–1953,Woo_Tsin-hang.txt,20
Xavier Zubiri,1889–1983,Xavier_Zubiri.txt,20
Xenocrates,396–314 BC,Xenocrates.txt,-4
Xenophon,427–355 BC,Xenophon.txt,-4
Xu Xing (philosopher),c. 300 BC,Xu_Xing_(philosopher).txt,-4
Xun Zi,c. 310–237 BC,Xun_Zi.txt,-3
Yahya ibn Adi,893–974,Yahya_ibn_Adi.txt,10
Yajnavalkya,c. 1800 BC,Yajnavalkya.txt,-19
Yan Yuan (Qing dynasty),1635–1704,Yan_Yuan_(Qing_dynasty).txt,17
Yang Chu,370–319 BC,Yang_Chu.txt,-4
Yang Xiong (author),died 338 BC,Yang_Xiong_(author).txt,-4
Yehuda Halevi,c. 1085–1141,Yehuda_Halevi.txt,12
Yeshayahu Leibowitz,1903–1994,Yeshayahu_Leibowitz.txt,20
Yi Hwang,1501–1570,Yi_Hwang.txt,16
Yi I,1536–1584,Yi_I.txt,16
Yohanan ben Isaac Alemanno,1433–1504,Yohanan_ben_Isaac_Alemanno.txt,15
Zeami Motokiyo,c. 1363 – c. 1443,Zeami_Motokiyo.txt,15
Zeno of Citium,333–264 BC,Zeno_of_Citium.txt,-3
Zeno of Elea,c. 495 – c. 430 BC,Zeno_of_Elea.txt,-5
Zeno of Sidon,1st century BC,Zeno_of_Sidon.txt,-1
Zeno of Tarsus,fl. 200 BC,Zeno_of_Tarsus.txt,-3
Zhiyi,538–597,Zhiyi.txt,6
Zhou Guoping,born 1945,Zhou_Guoping.txt,20
Zhu Xi,1130–1200,Zhu_Xi.txt,12
Zhuang Zhou,circa 300 BC,Zhuang_Zhou.txt,-4
Zongmi,780–841,Zongmi.txt,9
Zou Yan,3rd century BC,Zou_Yan.txt,-3
al-Tawhidi,c. 930 – 1023,al-Tawhidi.txt,10
Ágnes Heller,1929–2019,Ágnes_Heller.txt,20
Álvaro Vieira Pinto,1909–1987,Álvaro_Vieira_Pinto.txt,20
Ángel Cappelletti,1927–1995,Ángel_Cappelletti.txt,20
Émile Durkheim,1858–1917,Émile_Durkheim.txt,19
Émile Littré,1801–1881,Émile_Littré.txt,19
Émile Saisset,1814–1863,Émile_Saisset.txt,19
Émilie du Châtelet,1706–1749,Émilie_du_Châtelet.txt,18
Éric Weil,1904–1977,Éric_Weil.txt,20
Étienne Balibar,born 1942,Étienne_Balibar.txt,20
Étienne Bonnot de Condillac,1715–1780,Étienne_Bonnot_de_Condillac.txt,18
Étienne Gilson,1884–1978,Étienne_Gilson.txt,20
Śāntarakṣita,725–788,Śāntarakṣita.txt,8
